pdbid	chain	residues
2G6M	A	['A:179', 'A:180', 'A:183', 'A:269', 'A:271', 'A:272', 'A:294', 'A:298', 'A:299', 'A:302', 'A:305', 'A:408', 'A:409']
3N5Y	A	['A:181', 'A:182', 'A:185', 'A:271', 'A:273', 'A:274', 'A:296', 'A:300', 'A:301', 'A:304', 'A:307', 'A:410', 'A:411']
3N5Z	A	['A:181', 'A:182', 'A:185', 'A:271', 'A:273', 'A:274', 'A:296', 'A:300', 'A:301', 'A:304', 'A:307', 'A:410', 'A:411']
3NLZ	A	['A:181', 'A:182', 'A:185', 'A:271', 'A:273', 'A:274', 'A:296', 'A:300', 'A:301', 'A:304', 'A:307', 'A:410', 'A:411']
4D2Y	A	['A:181', 'A:182', 'A:185', 'A:271', 'A:273', 'A:274', 'A:296', 'A:300', 'A:301', 'A:304', 'A:307', 'A:410', 'A:411']
4IMT	A	['A:181', 'A:182', 'A:185', 'A:271', 'A:273', 'A:274', 'A:296', 'A:300', 'A:301', 'A:304', 'A:307', 'A:410', 'A:411']
4K5D	A	['A:181', 'A:182', 'A:185', 'A:271', 'A:273', 'A:274', 'A:296', 'A:300', 'A:301', 'A:304', 'A:307', 'A:410', 'A:411']
4KCO	A	['A:181', 'A:182', 'A:185', 'A:271', 'A:273', 'A:274', 'A:296', 'A:300', 'A:301', 'A:304', 'A:307', 'A:410', 'A:411']
4UPM	A	['A:181', 'A:182', 'A:185', 'A:271', 'A:273', 'A:274', 'A:296', 'A:300', 'A:301', 'A:304', 'A:307', 'A:410', 'A:411']
5FVR	A	['A:181', 'A:182', 'A:185', 'A:271', 'A:273', 'A:274', 'A:296', 'A:300', 'A:301', 'A:304', 'A:307', 'A:410', 'A:411']
5FVS	A	['A:181', 'A:182', 'A:185', 'A:271', 'A:273', 'A:274', 'A:296', 'A:300', 'A:301', 'A:304', 'A:307', 'A:410', 'A:411']
5UNV	A	['A:181', 'A:182', 'A:185', 'A:271', 'A:273', 'A:274', 'A:296', 'A:300', 'A:301', 'A:304', 'A:307', 'A:410', 'A:411']
6AUX	A	['A:181', 'A:182', 'A:185', 'A:271', 'A:273', 'A:274', 'A:296', 'A:300', 'A:301', 'A:304', 'A:307', 'A:410', 'A:411']
6NGR	A	['A:181', 'A:182', 'A:185', 'A:271', 'A:273', 'A:274', 'A:296', 'A:300', 'A:301', 'A:304', 'A:307', 'A:410', 'A:411']
6NGZ	A	['A:181', 'A:182', 'A:185', 'A:271', 'A:273', 'A:274', 'A:296', 'A:300', 'A:301', 'A:304', 'A:307', 'A:410', 'A:411']
6PMZ	A	['A:181', 'A:182', 'A:185', 'A:271', 'A:273', 'A:274', 'A:296', 'A:300', 'A:301', 'A:304', 'A:307', 'A:410', 'A:411']
1M00	A	['A:179', 'A:180', 'A:183', 'A:269', 'A:271', 'A:272', 'A:294', 'A:298', 'A:299', 'A:302', 'A:305', 'A:408', 'A:409']
3FC5	A	['A:181', 'A:182', 'A:185', 'A:271', 'A:273', 'A:274', 'A:296', 'A:300', 'A:301', 'A:304', 'A:307', 'A:410', 'A:411']
5ADI	A	['A:181', 'A:182', 'A:185', 'A:271', 'A:273', 'A:274', 'A:296', 'A:300', 'A:301', 'A:304', 'A:307', 'A:410', 'A:411']
5UO7	A	['A:181', 'A:182', 'A:185', 'A:271', 'A:273', 'A:274', 'A:296', 'A:300', 'A:301', 'A:304', 'A:307', 'A:410', 'A:411']
5VUV	A	['A:181', 'A:182', 'A:185', 'A:271', 'A:273', 'A:274', 'A:296', 'A:300', 'A:301', 'A:304', 'A:307', 'A:410', 'A:411']
5VUY	A	['A:181', 'A:182', 'A:185', 'A:271', 'A:273', 'A:274', 'A:296', 'A:300', 'A:301', 'A:304', 'A:307', 'A:410', 'A:411']
5VV1	A	['A:181', 'A:182', 'A:185', 'A:271', 'A:273', 'A:274', 'A:296', 'A:300', 'A:301', 'A:304', 'A:307', 'A:410', 'A:411']
5VV3	A	['A:181', 'A:182', 'A:185', 'A:271', 'A:273', 'A:274', 'A:296', 'A:300', 'A:301', 'A:304', 'A:307', 'A:410', 'A:411']
5VV4	A	['A:181', 'A:182', 'A:185', 'A:271', 'A:273', 'A:274', 'A:296', 'A:300', 'A:301', 'A:304', 'A:307', 'A:410', 'A:411']
6AUY	A	['A:181', 'A:182', 'A:185', 'A:271', 'A:273', 'A:274', 'A:296', 'A:300', 'A:301', 'A:304', 'A:307', 'A:410', 'A:411']
6AV0	A	['A:181', 'A:182', 'A:185', 'A:271', 'A:273', 'A:274', 'A:296', 'A:300', 'A:301', 'A:304', 'A:307', 'A:410', 'A:411']
6AV2	A	['A:181', 'A:182', 'A:185', 'A:271', 'A:273', 'A:274', 'A:296', 'A:300', 'A:301', 'A:304', 'A:307', 'A:410', 'A:411']
6AV3	A	['A:181', 'A:182', 'A:185', 'A:271', 'A:273', 'A:274', 'A:296', 'A:300', 'A:301', 'A:304', 'A:307', 'A:410', 'A:411']
6AV5	A	['A:181', 'A:182', 'A:185', 'A:271', 'A:273', 'A:274', 'A:296', 'A:300', 'A:301', 'A:304', 'A:307', 'A:410', 'A:411']
6CID	A	['A:181', 'A:182', 'A:185', 'A:271', 'A:273', 'A:274', 'A:296', 'A:300', 'A:301', 'A:304', 'A:307', 'A:410', 'A:411']
6NG6	A	['A:181', 'A:182', 'A:185', 'A:271', 'A:273', 'A:274', 'A:296', 'A:300', 'A:301', 'A:304', 'A:307', 'A:410', 'A:411']
6PNF	A	['A:181', 'A:182', 'A:185', 'A:271', 'A:273', 'A:274', 'A:296', 'A:300', 'A:301', 'A:304', 'A:307', 'A:410', 'A:411']
6PO8	A	['A:181', 'A:182', 'A:185', 'A:271', 'A:273', 'A:274', 'A:296', 'A:300', 'A:301', 'A:304', 'A:307', 'A:410', 'A:411']
6PO9	A	['A:181', 'A:182', 'A:185', 'A:271', 'A:273', 'A:274', 'A:296', 'A:300', 'A:301', 'A:304', 'A:307', 'A:410', 'A:411']
6POB	A	['A:181', 'A:182', 'A:185', 'A:271', 'A:273', 'A:274', 'A:296', 'A:300', 'A:301', 'A:304', 'A:307', 'A:410', 'A:411']
8FGL	A	['A:181', 'A:182', 'A:185', 'A:271', 'A:273', 'A:274', 'A:296', 'A:300', 'A:301', 'A:304', 'A:307', 'A:410', 'A:411']
4V3U	A	['A:181', 'A:182', 'A:185', 'A:271', 'A:273', 'A:274', 'A:296', 'A:300', 'A:301', 'A:304', 'A:307', 'A:410', 'A:411']
3E7G	A	['A:181', 'A:182', 'A:185', 'A:271', 'A:273', 'A:274', 'A:296', 'A:300', 'A:301', 'A:304', 'A:307', 'A:410', 'A:411']
1QW4	A	['A:180', 'A:181', 'A:184', 'A:270', 'A:272', 'A:273', 'A:295', 'A:299', 'A:300', 'A:303', 'A:306', 'A:409', 'A:410']
3E67	A	['A:191', 'A:192', 'A:195', 'A:281', 'A:283', 'A:284', 'A:306', 'A:310', 'A:311', 'A:314', 'A:317', 'A:420', 'A:421']
3E68	A	['A:191', 'A:192', 'A:195', 'A:281', 'A:283', 'A:284', 'A:306', 'A:310', 'A:311', 'A:314', 'A:317', 'A:420', 'A:421']
3E7M	A	['A:191', 'A:192', 'A:195', 'A:281', 'A:283', 'A:284', 'A:306', 'A:310', 'A:311', 'A:314', 'A:317', 'A:420', 'A:421']
3NQS	A	['A:191', 'A:192', 'A:195', 'A:281', 'A:283', 'A:284', 'A:306', 'A:310', 'A:311', 'A:314', 'A:317', 'A:420', 'A:421']
3E7S	A	['A:192', 'A:193', 'A:196', 'A:282', 'A:284', 'A:285', 'A:307', 'A:311', 'A:312', 'A:315', 'A:318', 'A:421', 'A:422']
3E7S	B	['B:192', 'B:193', 'B:196', 'B:282', 'B:284', 'B:285', 'B:307', 'B:311', 'B:312', 'B:315', 'B:318', 'B:421', 'B:422']
3NLE	A	['A:210', 'A:211', 'A:214', 'A:300', 'A:302', 'A:303', 'A:325', 'A:329', 'A:330', 'A:333', 'A:336', 'A:439', 'A:440']
4CVG	A	['A:209', 'A:210', 'A:213', 'A:299', 'A:301', 'A:302', 'A:324', 'A:328', 'A:329', 'A:332', 'A:335', 'A:438', 'A:439']
4JSM	A	['A:209', 'A:210', 'A:213', 'A:299', 'A:301', 'A:302', 'A:324', 'A:328', 'A:329', 'A:332', 'A:335', 'A:438', 'A:439']
4K5I	A	['A:209', 'A:210', 'A:213', 'A:299', 'A:301', 'A:302', 'A:324', 'A:328', 'A:329', 'A:332', 'A:335', 'A:438', 'A:439']
6AV6	A	['A:206', 'A:207', 'A:210', 'A:296', 'A:298', 'A:299', 'A:321', 'A:325', 'A:326', 'A:329', 'A:332', 'A:435', 'A:436']
6CIF	A	['A:206', 'A:207', 'A:210', 'A:296', 'A:298', 'A:299', 'A:321', 'A:325', 'A:326', 'A:329', 'A:332', 'A:435', 'A:436']
6POW	A	['A:206', 'A:207', 'A:210', 'A:296', 'A:298', 'A:299', 'A:321', 'A:325', 'A:326', 'A:329', 'A:332', 'A:435', 'A:436']
7TSL	A	['A:206', 'A:207', 'A:210', 'A:296', 'A:298', 'A:299', 'A:321', 'A:325', 'A:326', 'A:329', 'A:332', 'A:435', 'A:436']
8FGU	A	['A:206', 'A:207', 'A:210', 'A:296', 'A:298', 'A:299', 'A:321', 'A:325', 'A:326', 'A:329', 'A:332', 'A:435', 'A:436']
4D3U	A	['A:131', 'A:132', 'A:135', 'A:221', 'A:223', 'A:224', 'A:246', 'A:250', 'A:251', 'A:254', 'A:257', 'A:360', 'A:361']
4D7H	A	['A:128', 'A:129', 'A:132', 'A:218', 'A:220', 'A:221', 'A:243', 'A:247', 'A:248', 'A:251', 'A:254', 'A:357', 'A:358']
4UG5	A	['A:128', 'A:129', 'A:132', 'A:218', 'A:220', 'A:221', 'A:243', 'A:247', 'A:248', 'A:251', 'A:254', 'A:357', 'A:358']
4UG8	A	['A:128', 'A:129', 'A:132', 'A:218', 'A:220', 'A:221', 'A:243', 'A:247', 'A:248', 'A:251', 'A:254', 'A:357', 'A:358']
4UGI	A	['A:128', 'A:129', 'A:132', 'A:218', 'A:220', 'A:221', 'A:243', 'A:247', 'A:248', 'A:251', 'A:254', 'A:357', 'A:358']
4UGL	A	['A:128', 'A:129', 'A:132', 'A:218', 'A:220', 'A:221', 'A:243', 'A:247', 'A:248', 'A:251', 'A:254', 'A:357', 'A:358']
1D0C	A	['A:210', 'A:211', 'A:214', 'A:300', 'A:302', 'A:303', 'A:325', 'A:329', 'A:330', 'A:333', 'A:336', 'A:439', 'A:440']
1D0O	A	['A:210', 'A:211', 'A:214', 'A:300', 'A:302', 'A:303', 'A:325', 'A:329', 'A:330', 'A:333', 'A:336', 'A:439', 'A:440']
1D1V	A	['A:210', 'A:211', 'A:214', 'A:300', 'A:302', 'A:303', 'A:325', 'A:329', 'A:330', 'A:333', 'A:336', 'A:439', 'A:440']
1D1W	A	['A:210', 'A:211', 'A:214', 'A:300', 'A:302', 'A:303', 'A:325', 'A:329', 'A:330', 'A:333', 'A:336', 'A:439', 'A:440']
1D1X	A	['A:210', 'A:211', 'A:214', 'A:300', 'A:302', 'A:303', 'A:325', 'A:329', 'A:330', 'A:333', 'A:336', 'A:439', 'A:440']
1D1Y	A	['A:210', 'A:211', 'A:214', 'A:300', 'A:302', 'A:303', 'A:325', 'A:329', 'A:330', 'A:333', 'A:336', 'A:439', 'A:440']
1DF1	A	['A:180', 'A:181', 'A:184', 'A:270', 'A:272', 'A:273', 'A:295', 'A:299', 'A:300', 'A:303', 'A:306', 'A:409', 'A:410']
1DM6	A	['A:210', 'A:211', 'A:214', 'A:300', 'A:302', 'A:303', 'A:325', 'A:329', 'A:330', 'A:333', 'A:336', 'A:439', 'A:440']
1DM7	A	['A:210', 'A:211', 'A:214', 'A:300', 'A:302', 'A:303', 'A:325', 'A:329', 'A:330', 'A:333', 'A:336', 'A:439', 'A:440']
1DM8	A	['A:210', 'A:211', 'A:214', 'A:300', 'A:302', 'A:303', 'A:325', 'A:329', 'A:330', 'A:333', 'A:336', 'A:439', 'A:440']
1DMI	A	['A:210', 'A:211', 'A:214', 'A:300', 'A:302', 'A:303', 'A:325', 'A:329', 'A:330', 'A:333', 'A:336', 'A:439', 'A:440']
1DMJ	A	['A:210', 'A:211', 'A:214', 'A:300', 'A:302', 'A:303', 'A:325', 'A:329', 'A:330', 'A:333', 'A:336', 'A:439', 'A:440']
1DMK	A	['A:210', 'A:211', 'A:214', 'A:300', 'A:302', 'A:303', 'A:325', 'A:329', 'A:330', 'A:333', 'A:336', 'A:439', 'A:440']
1DWV	A	['A:180', 'A:181', 'A:184', 'A:270', 'A:272', 'A:273', 'A:295', 'A:299', 'A:300', 'A:303', 'A:306', 'A:409', 'A:410']
1DWW	A	['A:180', 'A:181', 'A:184', 'A:270', 'A:272', 'A:273', 'A:295', 'A:299', 'A:300', 'A:303', 'A:306', 'A:409', 'A:410']
1DWX	A	['A:180', 'A:181', 'A:184', 'A:270', 'A:272', 'A:273', 'A:295', 'A:299', 'A:300', 'A:303', 'A:306', 'A:409', 'A:410']
1ED4	A	['A:210', 'A:211', 'A:214', 'A:300', 'A:302', 'A:303', 'A:325', 'A:329', 'A:330', 'A:333', 'A:336', 'A:439', 'A:440']
1ED5	A	['A:210', 'A:211', 'A:214', 'A:300', 'A:302', 'A:303', 'A:325', 'A:329', 'A:330', 'A:333', 'A:336', 'A:439', 'A:440']
1ED6	A	['A:210', 'A:211', 'A:214', 'A:300', 'A:302', 'A:303', 'A:325', 'A:329', 'A:330', 'A:333', 'A:336', 'A:439', 'A:440']
1FOI	A	['A:210', 'A:211', 'A:214', 'A:300', 'A:302', 'A:303', 'A:325', 'A:329', 'A:330', 'A:333', 'A:336', 'A:439', 'A:440']
1FOJ	A	['A:210', 'A:211', 'A:214', 'A:300', 'A:302', 'A:303', 'A:325', 'A:329', 'A:330', 'A:333', 'A:336', 'A:439', 'A:440']
1FOL	A	['A:210', 'A:211', 'A:214', 'A:300', 'A:302', 'A:303', 'A:325', 'A:329', 'A:330', 'A:333', 'A:336', 'A:439', 'A:440']
1FOO	A	['A:210', 'A:211', 'A:214', 'A:300', 'A:302', 'A:303', 'A:325', 'A:329', 'A:330', 'A:333', 'A:336', 'A:439', 'A:440']
1FOP	A	['A:210', 'A:211', 'A:214', 'A:300', 'A:302', 'A:303', 'A:325', 'A:329', 'A:330', 'A:333', 'A:336', 'A:439', 'A:440']
1I83	A	['A:210', 'A:211', 'A:214', 'A:300', 'A:302', 'A:303', 'A:325', 'A:329', 'A:330', 'A:333', 'A:336', 'A:439', 'A:440']
1JWJ	A	['A:191', 'A:192', 'A:195', 'A:281', 'A:283', 'A:284', 'A:306', 'A:310', 'A:311', 'A:314', 'A:317', 'A:420', 'A:421']
1JWK	A	['A:192', 'A:193', 'A:196', 'A:282', 'A:284', 'A:285', 'A:307', 'A:311', 'A:312', 'A:315', 'A:318', 'A:421', 'A:422']
1K2R	A	['A:179', 'A:180', 'A:183', 'A:269', 'A:271', 'A:272', 'A:294', 'A:298', 'A:299', 'A:302', 'A:305', 'A:408', 'A:409']
1K2S	A	['A:179', 'A:180', 'A:183', 'A:269', 'A:271', 'A:272', 'A:294', 'A:298', 'A:299', 'A:302', 'A:305', 'A:408', 'A:409']
1K2T	A	['A:179', 'A:180', 'A:183', 'A:269', 'A:271', 'A:272', 'A:294', 'A:298', 'A:299', 'A:302', 'A:305', 'A:408', 'A:409']
1K2U	A	['A:179', 'A:180', 'A:183', 'A:269', 'A:271', 'A:272', 'A:294', 'A:298', 'A:299', 'A:302', 'A:305', 'A:408', 'A:409']
1LZX	A	['A:179', 'A:180', 'A:183', 'A:269', 'A:271', 'A:272', 'A:294', 'A:298', 'A:299', 'A:302', 'A:305', 'A:408', 'A:409']
1LZZ	A	['A:179', 'A:180', 'A:183', 'A:269', 'A:271', 'A:272', 'A:294', 'A:298', 'A:299', 'A:302', 'A:305', 'A:408', 'A:409']
1M7V	A	['A:128', 'A:129', 'A:132', 'A:218', 'A:220', 'A:221', 'A:243', 'A:247', 'A:248', 'A:251', 'A:254', 'A:357', 'A:358']
1M7Z	A	['A:128', 'A:129', 'A:132', 'A:216', 'A:218', 'A:219', 'A:241', 'A:245', 'A:246', 'A:249', 'A:252', 'A:355', 'A:356']
1M8D	A	['A:192', 'A:193', 'A:196', 'A:282', 'A:284', 'A:285', 'A:307', 'A:311', 'A:312', 'A:315', 'A:318', 'A:421', 'A:422']
1M8E	A	['A:192', 'A:193', 'A:196', 'A:282', 'A:284', 'A:285', 'A:307', 'A:311', 'A:312', 'A:315', 'A:318', 'A:421', 'A:422']
1M8H	A	['A:192', 'A:193', 'A:196', 'A:282', 'A:284', 'A:285', 'A:307', 'A:311', 'A:312', 'A:315', 'A:318', 'A:421', 'A:422']
1M8I	A	['A:192', 'A:193', 'A:196', 'A:282', 'A:284', 'A:285', 'A:307', 'A:311', 'A:312', 'A:315', 'A:318', 'A:421', 'A:422']
1M9J	A	['A:180', 'A:181', 'A:184', 'A:270', 'A:272', 'A:273', 'A:295', 'A:299', 'A:300', 'A:303', 'A:306', 'A:409', 'A:410']
1M9K	A	['A:180', 'A:181', 'A:184', 'A:270', 'A:272', 'A:273', 'A:295', 'A:299', 'A:300', 'A:303', 'A:306', 'A:409', 'A:410']
1M9M	A	['A:180', 'A:181', 'A:184', 'A:270', 'A:272', 'A:273', 'A:295', 'A:299', 'A:300', 'A:303', 'A:306', 'A:409', 'A:410']
1M9Q	A	['A:180', 'A:181', 'A:184', 'A:270', 'A:272', 'A:273', 'A:295', 'A:299', 'A:300', 'A:303', 'A:306', 'A:409', 'A:410']
1M9R	A	['A:180', 'A:181', 'A:184', 'A:270', 'A:272', 'A:273', 'A:295', 'A:299', 'A:300', 'A:303', 'A:306', 'A:409', 'A:410']
1M9T	A	['A:192', 'A:193', 'A:196', 'A:282', 'A:284', 'A:285', 'A:307', 'A:311', 'A:312', 'A:315', 'A:318', 'A:421', 'A:422']
1MJT	A	['A:121', 'A:122', 'A:125', 'A:206', 'A:208', 'A:209', 'A:231', 'A:235', 'A:236', 'A:239', 'A:242', 'A:345', 'A:346']
1MMV	A	['A:179', 'A:180', 'A:183', 'A:269', 'A:271', 'A:272', 'A:294', 'A:298', 'A:299', 'A:302', 'A:305', 'A:408', 'A:409']
1MMW	A	['A:179', 'A:180', 'A:183', 'A:269', 'A:271', 'A:272', 'A:294', 'A:298', 'A:299', 'A:302', 'A:305', 'A:408', 'A:409']
1N2N	A	['A:180', 'A:181', 'A:184', 'A:270', 'A:272', 'A:273', 'A:295', 'A:299', 'A:300', 'A:303', 'A:306', 'A:409', 'A:410']
1NOC	A	['A:142', 'A:143', 'A:146', 'A:232', 'A:234', 'A:235', 'A:257', 'A:261', 'A:262', 'A:265', 'A:268', 'A:371', 'A:372']
1NOD	A	['A:180', 'A:181', 'A:184', 'A:270', 'A:272', 'A:273', 'A:295', 'A:299', 'A:300', 'A:303', 'A:306', 'A:409', 'A:410']
1NSE	A	['A:210', 'A:211', 'A:214', 'A:300', 'A:302', 'A:303', 'A:325', 'A:329', 'A:330', 'A:333', 'A:336', 'A:439', 'A:440']
1NSI	A	['A:189', 'A:190', 'A:193', 'A:279', 'A:281', 'A:282', 'A:304', 'A:308', 'A:309', 'A:312', 'A:315', 'A:418', 'A:419']
1OM4	A	['A:181', 'A:182', 'A:185', 'A:271', 'A:273', 'A:274', 'A:296', 'A:300', 'A:301', 'A:304', 'A:307', 'A:410', 'A:411']
1OM5	A	['A:181', 'A:182', 'A:185', 'A:271', 'A:273', 'A:274', 'A:296', 'A:300', 'A:301', 'A:304', 'A:307', 'A:410', 'A:411']
1P6H	A	['A:181', 'A:182', 'A:185', 'A:271', 'A:273', 'A:274', 'A:296', 'A:300', 'A:301', 'A:304', 'A:307', 'A:410', 'A:411']
1P6I	A	['A:181', 'A:182', 'A:185', 'A:271', 'A:273', 'A:274', 'A:296', 'A:300', 'A:301', 'A:304', 'A:307', 'A:410', 'A:411']
1P6J	A	['A:181', 'A:182', 'A:185', 'A:271', 'A:273', 'A:274', 'A:296', 'A:300', 'A:301', 'A:304', 'A:307', 'A:410', 'A:411']
1P6K	A	['A:181', 'A:182', 'A:185', 'A:271', 'A:273', 'A:274', 'A:296', 'A:300', 'A:301', 'A:304', 'A:307', 'A:410', 'A:411']
1P6L	A	['A:182', 'A:183', 'A:186', 'A:272', 'A:274', 'A:275', 'A:297', 'A:301', 'A:302', 'A:305', 'A:308', 'A:411', 'A:412']
1P6M	A	['A:182', 'A:183', 'A:186', 'A:272', 'A:274', 'A:275', 'A:297', 'A:301', 'A:302', 'A:305', 'A:308', 'A:411', 'A:412']
1P6N	A	['A:182', 'A:183', 'A:186', 'A:272', 'A:274', 'A:275', 'A:297', 'A:301', 'A:302', 'A:305', 'A:308', 'A:411', 'A:412']
1Q2O	A	['A:182', 'A:183', 'A:186', 'A:272', 'A:274', 'A:275', 'A:297', 'A:301', 'A:302', 'A:305', 'A:308', 'A:411', 'A:412']
1QOM	A	['A:192', 'A:193', 'A:196', 'A:282', 'A:284', 'A:285', 'A:307', 'A:311', 'A:312', 'A:315', 'A:318', 'A:421', 'A:422']
1QW5	A	['A:180', 'A:181', 'A:184', 'A:270', 'A:272', 'A:273', 'A:295', 'A:299', 'A:300', 'A:303', 'A:306', 'A:409', 'A:410']
1QW6	A	['A:181', 'A:182', 'A:185', 'A:271', 'A:273', 'A:274', 'A:296', 'A:300', 'A:301', 'A:304', 'A:307', 'A:410', 'A:411']
1QWC	A	['A:181', 'A:182', 'A:185', 'A:271', 'A:273', 'A:274', 'A:296', 'A:300', 'A:301', 'A:304', 'A:307', 'A:410', 'A:411']
1R35	A	['A:191', 'A:192', 'A:195', 'A:281', 'A:283', 'A:284', 'A:306', 'A:310', 'A:311', 'A:314', 'A:317', 'A:420', 'A:421']
1RS6	A	['A:181', 'A:182', 'A:185', 'A:271', 'A:273', 'A:274', 'A:296', 'A:300', 'A:301', 'A:304', 'A:307', 'A:410', 'A:411']
1RS7	A	['A:181', 'A:182', 'A:185', 'A:271', 'A:273', 'A:274', 'A:296', 'A:300', 'A:301', 'A:304', 'A:307', 'A:410', 'A:411']
1RS8	A	['A:182', 'A:183', 'A:186', 'A:272', 'A:274', 'A:275', 'A:297', 'A:301', 'A:302', 'A:305', 'A:308', 'A:411', 'A:412']
1RS9	A	['A:182', 'A:183', 'A:186', 'A:272', 'A:274', 'A:275', 'A:297', 'A:301', 'A:302', 'A:305', 'A:308', 'A:411', 'A:412']
1VAF	A	['A:180', 'A:181', 'A:184', 'A:270', 'A:272', 'A:273', 'A:295', 'A:299', 'A:300', 'A:303', 'A:306', 'A:409', 'A:410']
1VAG	A	['A:181', 'A:182', 'A:185', 'A:271', 'A:273', 'A:274', 'A:296', 'A:300', 'A:301', 'A:304', 'A:307', 'A:410', 'A:411']
1ZVI	A	['A:181', 'A:182', 'A:185', 'A:271', 'A:273', 'A:274', 'A:296', 'A:300', 'A:301', 'A:304', 'A:307', 'A:410', 'A:411']
1ZVL	A	['A:181', 'A:182', 'A:185', 'A:271', 'A:273', 'A:274', 'A:296', 'A:300', 'A:301', 'A:304', 'A:307', 'A:410', 'A:411']
1ZZQ	A	['A:179', 'A:180', 'A:183', 'A:269', 'A:271', 'A:272', 'A:294', 'A:298', 'A:299', 'A:302', 'A:305', 'A:408', 'A:409']
1ZZR	A	['A:179', 'A:180', 'A:183', 'A:269', 'A:271', 'A:272', 'A:294', 'A:298', 'A:299', 'A:302', 'A:305', 'A:408', 'A:409']
1ZZS	A	['A:182', 'A:183', 'A:186', 'A:272', 'A:274', 'A:275', 'A:297', 'A:301', 'A:302', 'A:305', 'A:308', 'A:411', 'A:412']
1ZZT	A	['A:182', 'A:183', 'A:186', 'A:272', 'A:274', 'A:275', 'A:297', 'A:301', 'A:302', 'A:305', 'A:308', 'A:411', 'A:412']
1ZZU	A	['A:179', 'A:180', 'A:183', 'A:269', 'A:271', 'A:272', 'A:294', 'A:298', 'A:299', 'A:302', 'A:305', 'A:408', 'A:409']
2AMO	A	['A:127', 'A:128', 'A:131', 'A:217', 'A:219', 'A:220', 'A:242', 'A:246', 'A:247', 'A:250', 'A:253', 'A:356', 'A:357']
2AN0	A	['A:128', 'A:129', 'A:132', 'A:216', 'A:218', 'A:219', 'A:241', 'A:245', 'A:246', 'A:249', 'A:252', 'A:355', 'A:356']
2AN2	A	['A:127', 'A:128', 'A:131', 'A:215', 'A:217', 'A:218', 'A:240', 'A:244', 'A:245', 'A:248', 'A:251', 'A:354', 'A:355']
2BHJ	A	['A:180', 'A:181', 'A:184', 'A:270', 'A:272', 'A:273', 'A:295', 'A:299', 'A:300', 'A:303', 'A:306', 'A:409', 'A:410']
2FBZ	X	['X:128', 'X:129', 'X:132', 'X:218', 'X:220', 'X:221', 'X:243', 'X:247', 'X:248', 'X:251', 'X:254', 'X:357', 'X:358']
2FC1	A	['A:128', 'A:129', 'A:132', 'A:216', 'A:218', 'A:219', 'A:241', 'A:245', 'A:246', 'A:249', 'A:252', 'A:355', 'A:356']
2FC2	A	['A:128', 'A:129', 'A:132', 'A:218', 'A:220', 'A:221', 'A:243', 'A:247', 'A:248', 'A:251', 'A:254', 'A:357', 'A:358']
2FLQ	A	['A:134', 'A:135', 'A:138', 'A:223', 'A:225', 'A:226', 'A:248', 'A:252', 'A:253', 'A:256', 'A:259', 'A:362', 'A:363']
2G6H	A	['A:179', 'A:180', 'A:183', 'A:269', 'A:271', 'A:272', 'A:294', 'A:298', 'A:299', 'A:302', 'A:305', 'A:408', 'A:409']
2G6I	A	['A:179', 'A:180', 'A:183', 'A:269', 'A:271', 'A:272', 'A:294', 'A:298', 'A:299', 'A:302', 'A:305', 'A:408', 'A:409']
2G6J	A	['A:179', 'A:180', 'A:183', 'A:269', 'A:271', 'A:272', 'A:294', 'A:298', 'A:299', 'A:302', 'A:305', 'A:408', 'A:409']
2G6K	A	['A:179', 'A:180', 'A:183', 'A:269', 'A:271', 'A:272', 'A:294', 'A:298', 'A:299', 'A:302', 'A:305', 'A:408', 'A:409']
2G6L	A	['A:179', 'A:180', 'A:183', 'A:269', 'A:271', 'A:272', 'A:294', 'A:298', 'A:299', 'A:302', 'A:305', 'A:408', 'A:409']
2G6N	A	['A:179', 'A:180', 'A:183', 'A:269', 'A:271', 'A:272', 'A:294', 'A:298', 'A:299', 'A:302', 'A:305', 'A:408', 'A:409']
2G6O	A	['A:182', 'A:183', 'A:186', 'A:272', 'A:274', 'A:275', 'A:297', 'A:301', 'A:302', 'A:305', 'A:308', 'A:411', 'A:412']
2HX2	A	['A:182', 'A:183', 'A:186', 'A:272', 'A:274', 'A:275', 'A:297', 'A:301', 'A:302', 'A:305', 'A:308', 'A:411', 'A:412']
2HX3	A	['A:181', 'A:182', 'A:185', 'A:271', 'A:273', 'A:274', 'A:296', 'A:300', 'A:301', 'A:304', 'A:307', 'A:410', 'A:411']
2HX4	A	['A:181', 'A:182', 'A:185', 'A:271', 'A:273', 'A:274', 'A:296', 'A:300', 'A:301', 'A:304', 'A:307', 'A:410', 'A:411']
2NOD	A	['A:180', 'A:181', 'A:184', 'A:270', 'A:272', 'A:273', 'A:295', 'A:299', 'A:300', 'A:303', 'A:306', 'A:409', 'A:410']
2NSE	A	['A:210', 'A:211', 'A:214', 'A:300', 'A:302', 'A:303', 'A:325', 'A:329', 'A:330', 'A:333', 'A:336', 'A:439', 'A:440']
2NSI	A	['A:189', 'A:190', 'A:193', 'A:279', 'A:281', 'A:282', 'A:304', 'A:308', 'A:309', 'A:312', 'A:315', 'A:418', 'A:419']
2Y37	A	['A:191', 'A:192', 'A:195', 'A:281', 'A:283', 'A:284', 'A:306', 'A:310', 'A:311', 'A:314', 'A:317', 'A:420', 'A:421']
3B3M	A	['A:181', 'A:182', 'A:185', 'A:271', 'A:273', 'A:274', 'A:296', 'A:300', 'A:301', 'A:304', 'A:307', 'A:410', 'A:411']
3B3N	A	['A:181', 'A:182', 'A:185', 'A:271', 'A:273', 'A:274', 'A:296', 'A:300', 'A:301', 'A:304', 'A:307', 'A:410', 'A:411']
3B3O	A	['A:181', 'A:182', 'A:185', 'A:271', 'A:273', 'A:274', 'A:296', 'A:300', 'A:301', 'A:304', 'A:307', 'A:410', 'A:411']
3B3P	A	['A:181', 'A:182', 'A:185', 'A:271', 'A:273', 'A:274', 'A:296', 'A:300', 'A:301', 'A:304', 'A:307', 'A:410', 'A:411']
3DQR	A	['A:181', 'A:182', 'A:185', 'A:271', 'A:273', 'A:274', 'A:296', 'A:300', 'A:301', 'A:304', 'A:307', 'A:410', 'A:411']
3DQS	A	['A:182', 'A:183', 'A:186', 'A:272', 'A:274', 'A:275', 'A:297', 'A:301', 'A:302', 'A:305', 'A:308', 'A:411', 'A:412']
3DQT	A	['A:182', 'A:183', 'A:186', 'A:272', 'A:274', 'A:275', 'A:297', 'A:301', 'A:302', 'A:305', 'A:308', 'A:411', 'A:412']
3DWJ	A	['A:191', 'A:192', 'A:195', 'A:281', 'A:283', 'A:284', 'A:306', 'A:310', 'A:311', 'A:314', 'A:317', 'A:420', 'A:421']
3E65	A	['A:191', 'A:192', 'A:195', 'A:281', 'A:283', 'A:284', 'A:306', 'A:310', 'A:311', 'A:314', 'A:317', 'A:420', 'A:421']
3E6L	A	['A:191', 'A:192', 'A:195', 'A:281', 'A:283', 'A:284', 'A:306', 'A:310', 'A:311', 'A:314', 'A:317', 'A:420', 'A:421']
3E6N	A	['A:191', 'A:192', 'A:195', 'A:281', 'A:283', 'A:284', 'A:306', 'A:310', 'A:311', 'A:314', 'A:317', 'A:420', 'A:421']
3E6O	A	['A:191', 'A:192', 'A:195', 'A:281', 'A:283', 'A:284', 'A:306', 'A:310', 'A:311', 'A:314', 'A:317', 'A:420', 'A:421']
3E6T	A	['A:191', 'A:192', 'A:195', 'A:281', 'A:283', 'A:284', 'A:306', 'A:310', 'A:311', 'A:314', 'A:317', 'A:420', 'A:421']
3E7I	A	['A:191', 'A:192', 'A:195', 'A:281', 'A:283', 'A:284', 'A:306', 'A:310', 'A:311', 'A:314', 'A:317', 'A:420', 'A:421']
3E7T	A	['A:191', 'A:192', 'A:195', 'A:281', 'A:283', 'A:284', 'A:306', 'A:310', 'A:311', 'A:314', 'A:317', 'A:420', 'A:421']
3EAH	A	['A:181', 'A:182', 'A:185', 'A:271', 'A:273', 'A:274', 'A:296', 'A:300', 'A:301', 'A:304', 'A:307', 'A:410', 'A:411']
3EAI	A	['A:191', 'A:192', 'A:195', 'A:281', 'A:283', 'A:284', 'A:306', 'A:310', 'A:311', 'A:314', 'A:317', 'A:420', 'A:421']
3EBD	A	['A:191', 'A:192', 'A:195', 'A:281', 'A:283', 'A:284', 'A:306', 'A:310', 'A:311', 'A:314', 'A:317', 'A:420', 'A:421']
3EBF	A	['A:191', 'A:192', 'A:195', 'A:281', 'A:283', 'A:284', 'A:306', 'A:310', 'A:311', 'A:314', 'A:317', 'A:420', 'A:421']
3EJ8	A	['A:181', 'A:182', 'A:185', 'A:271', 'A:273', 'A:274', 'A:296', 'A:300', 'A:301', 'A:304', 'A:307', 'A:410', 'A:411']
3HSN	A	['A:181', 'A:182', 'A:185', 'A:271', 'A:273', 'A:274', 'A:296', 'A:300', 'A:301', 'A:304', 'A:307', 'A:410', 'A:411']
3HSO	A	['A:181', 'A:182', 'A:185', 'A:271', 'A:273', 'A:274', 'A:296', 'A:300', 'A:301', 'A:304', 'A:307', 'A:410', 'A:411']
3HSP	A	['A:181', 'A:182', 'A:185', 'A:271', 'A:273', 'A:274', 'A:296', 'A:300', 'A:301', 'A:304', 'A:307', 'A:410', 'A:411']
3JT3	A	['A:181', 'A:182', 'A:185', 'A:271', 'A:273', 'A:274', 'A:296', 'A:300', 'A:301', 'A:304', 'A:307', 'A:410', 'A:411']
3JT4	A	['A:181', 'A:182', 'A:185', 'A:271', 'A:273', 'A:274', 'A:296', 'A:300', 'A:301', 'A:304', 'A:307', 'A:410', 'A:411']
3JT5	A	['A:181', 'A:182', 'A:185', 'A:271', 'A:273', 'A:274', 'A:296', 'A:300', 'A:301', 'A:304', 'A:307', 'A:410', 'A:411']
3JT6	A	['A:181', 'A:182', 'A:185', 'A:271', 'A:273', 'A:274', 'A:296', 'A:300', 'A:301', 'A:304', 'A:307', 'A:410', 'A:411']
3JT7	A	['A:181', 'A:182', 'A:185', 'A:271', 'A:273', 'A:274', 'A:296', 'A:300', 'A:301', 'A:304', 'A:307', 'A:410', 'A:411']
3JT8	A	['A:181', 'A:182', 'A:185', 'A:271', 'A:273', 'A:274', 'A:296', 'A:300', 'A:301', 'A:304', 'A:307', 'A:410', 'A:411']
3JT9	A	['A:181', 'A:182', 'A:185', 'A:271', 'A:273', 'A:274', 'A:296', 'A:300', 'A:301', 'A:304', 'A:307', 'A:410', 'A:411']
3JTA	A	['A:181', 'A:182', 'A:185', 'A:271', 'A:273', 'A:274', 'A:296', 'A:300', 'A:301', 'A:304', 'A:307', 'A:410', 'A:411']
3JWS	A	['A:181', 'A:182', 'A:185', 'A:271', 'A:273', 'A:274', 'A:296', 'A:300', 'A:301', 'A:304', 'A:307', 'A:410', 'A:411']
3JWT	A	['A:181', 'A:182', 'A:185', 'A:271', 'A:273', 'A:274', 'A:296', 'A:300', 'A:301', 'A:304', 'A:307', 'A:410', 'A:411']
3JWU	A	['A:181', 'A:182', 'A:185', 'A:271', 'A:273', 'A:274', 'A:296', 'A:300', 'A:301', 'A:304', 'A:307', 'A:410', 'A:411']
3JWV	A	['A:181', 'A:182', 'A:185', 'A:271', 'A:273', 'A:274', 'A:296', 'A:300', 'A:301', 'A:304', 'A:307', 'A:410', 'A:411']
3JWW	A	['A:210', 'A:211', 'A:214', 'A:300', 'A:302', 'A:303', 'A:325', 'A:329', 'A:330', 'A:333', 'A:336', 'A:439', 'A:440']
3JWX	A	['A:210', 'A:211', 'A:214', 'A:300', 'A:302', 'A:303', 'A:325', 'A:329', 'A:330', 'A:333', 'A:336', 'A:439', 'A:440']
3JWY	A	['A:210', 'A:211', 'A:214', 'A:300', 'A:302', 'A:303', 'A:325', 'A:329', 'A:330', 'A:333', 'A:336', 'A:439', 'A:440']
3JWZ	A	['A:210', 'A:211', 'A:214', 'A:300', 'A:302', 'A:303', 'A:325', 'A:329', 'A:330', 'A:333', 'A:336', 'A:439', 'A:440']
3JX0	A	['A:181', 'A:182', 'A:185', 'A:271', 'A:273', 'A:274', 'A:296', 'A:300', 'A:301', 'A:304', 'A:307', 'A:410', 'A:411']
3JX1	A	['A:181', 'A:182', 'A:185', 'A:271', 'A:273', 'A:274', 'A:296', 'A:300', 'A:301', 'A:304', 'A:307', 'A:410', 'A:411']
3JX2	A	['A:181', 'A:182', 'A:185', 'A:271', 'A:273', 'A:274', 'A:296', 'A:300', 'A:301', 'A:304', 'A:307', 'A:410', 'A:411']
3JX3	A	['A:181', 'A:182', 'A:185', 'A:271', 'A:273', 'A:274', 'A:296', 'A:300', 'A:301', 'A:304', 'A:307', 'A:410', 'A:411']
3JX4	A	['A:181', 'A:182', 'A:185', 'A:271', 'A:273', 'A:274', 'A:296', 'A:300', 'A:301', 'A:304', 'A:307', 'A:410', 'A:411']
3JX5	A	['A:181', 'A:182', 'A:185', 'A:271', 'A:273', 'A:274', 'A:296', 'A:300', 'A:301', 'A:304', 'A:307', 'A:410', 'A:411']
3JX6	A	['A:181', 'A:182', 'A:185', 'A:271', 'A:273', 'A:274', 'A:296', 'A:300', 'A:301', 'A:304', 'A:307', 'A:410', 'A:411']
3N2R	A	['A:181', 'A:182', 'A:185', 'A:271', 'A:273', 'A:274', 'A:296', 'A:300', 'A:301', 'A:304', 'A:307', 'A:410', 'A:411']
3N5P	A	['A:210', 'A:211', 'A:214', 'A:300', 'A:302', 'A:303', 'A:325', 'A:329', 'A:330', 'A:333', 'A:336', 'A:439', 'A:440']
3N5Q	A	['A:210', 'A:211', 'A:214', 'A:300', 'A:302', 'A:303', 'A:325', 'A:329', 'A:330', 'A:333', 'A:336', 'A:439', 'A:440']
3N5R	A	['A:210', 'A:211', 'A:214', 'A:300', 'A:302', 'A:303', 'A:325', 'A:329', 'A:330', 'A:333', 'A:336', 'A:439', 'A:440']
3N5S	A	['A:210', 'A:211', 'A:214', 'A:300', 'A:302', 'A:303', 'A:325', 'A:329', 'A:330', 'A:333', 'A:336', 'A:439', 'A:440']
3N5T	A	['A:210', 'A:211', 'A:214', 'A:300', 'A:302', 'A:303', 'A:325', 'A:329', 'A:330', 'A:333', 'A:336', 'A:439', 'A:440']
3N5V	A	['A:181', 'A:182', 'A:185', 'A:271', 'A:273', 'A:274', 'A:296', 'A:300', 'A:301', 'A:304', 'A:307', 'A:410', 'A:411']
3N5W	A	['A:181', 'A:182', 'A:185', 'A:271', 'A:273', 'A:274', 'A:296', 'A:300', 'A:301', 'A:304', 'A:307', 'A:410', 'A:411']
3N5X	A	['A:181', 'A:182', 'A:185', 'A:271', 'A:273', 'A:274', 'A:296', 'A:300', 'A:301', 'A:304', 'A:307', 'A:410', 'A:411']
3N60	A	['A:181', 'A:182', 'A:185', 'A:271', 'A:273', 'A:274', 'A:296', 'A:300', 'A:301', 'A:304', 'A:307', 'A:410', 'A:411']
3N61	A	['A:181', 'A:182', 'A:185', 'A:271', 'A:273', 'A:274', 'A:296', 'A:300', 'A:301', 'A:304', 'A:307', 'A:410', 'A:411']
3N62	A	['A:181', 'A:182', 'A:185', 'A:271', 'A:273', 'A:274', 'A:296', 'A:300', 'A:301', 'A:304', 'A:307', 'A:410', 'A:411']
3N63	A	['A:181', 'A:182', 'A:185', 'A:271', 'A:273', 'A:274', 'A:296', 'A:300', 'A:301', 'A:304', 'A:307', 'A:410', 'A:411']
3N64	A	['A:181', 'A:182', 'A:185', 'A:271', 'A:273', 'A:274', 'A:296', 'A:300', 'A:301', 'A:304', 'A:307', 'A:410', 'A:411']
3N65	A	['A:181', 'A:182', 'A:185', 'A:271', 'A:273', 'A:274', 'A:296', 'A:300', 'A:301', 'A:304', 'A:307', 'A:410', 'A:411']
3N66	A	['A:181', 'A:182', 'A:185', 'A:271', 'A:273', 'A:274', 'A:296', 'A:300', 'A:301', 'A:304', 'A:307', 'A:410', 'A:411']
3N67	A	['A:210', 'A:211', 'A:214', 'A:300', 'A:302', 'A:303', 'A:325', 'A:329', 'A:330', 'A:333', 'A:336', 'A:439', 'A:440']
3N68	A	['A:210', 'A:211', 'A:214', 'A:300', 'A:302', 'A:303', 'A:325', 'A:329', 'A:330', 'A:333', 'A:336', 'A:439', 'A:440']
3N69	A	['A:210', 'A:211', 'A:214', 'A:300', 'A:302', 'A:303', 'A:325', 'A:329', 'A:330', 'A:333', 'A:336', 'A:439', 'A:440']
3N6A	A	['A:210', 'A:211', 'A:214', 'A:300', 'A:302', 'A:303', 'A:325', 'A:329', 'A:330', 'A:333', 'A:336', 'A:439', 'A:440']
3N6B	A	['A:210', 'A:211', 'A:214', 'A:300', 'A:302', 'A:303', 'A:325', 'A:329', 'A:330', 'A:333', 'A:336', 'A:439', 'A:440']
3N6C	A	['A:210', 'A:211', 'A:214', 'A:300', 'A:302', 'A:303', 'A:325', 'A:329', 'A:330', 'A:333', 'A:336', 'A:439', 'A:440']
3N6D	A	['A:210', 'A:211', 'A:214', 'A:300', 'A:302', 'A:303', 'A:325', 'A:329', 'A:330', 'A:333', 'A:336', 'A:439', 'A:440']
3N6E	A	['A:210', 'A:211', 'A:214', 'A:300', 'A:302', 'A:303', 'A:325', 'A:329', 'A:330', 'A:333', 'A:336', 'A:439', 'A:440']
3N6F	A	['A:210', 'A:211', 'A:214', 'A:300', 'A:302', 'A:303', 'A:325', 'A:329', 'A:330', 'A:333', 'A:336', 'A:439', 'A:440']
3N6G	A	['A:210', 'A:211', 'A:214', 'A:300', 'A:302', 'A:303', 'A:325', 'A:329', 'A:330', 'A:333', 'A:336', 'A:439', 'A:440']
3NLD	A	['A:210', 'A:211', 'A:214', 'A:300', 'A:302', 'A:303', 'A:325', 'A:329', 'A:330', 'A:333', 'A:336', 'A:439', 'A:440']
3NLF	A	['A:210', 'A:211', 'A:214', 'A:300', 'A:302', 'A:303', 'A:325', 'A:329', 'A:330', 'A:333', 'A:336', 'A:439', 'A:440']
3NLG	A	['A:210', 'A:211', 'A:214', 'A:300', 'A:302', 'A:303', 'A:325', 'A:329', 'A:330', 'A:333', 'A:336', 'A:439', 'A:440']
3NLH	A	['A:210', 'A:211', 'A:214', 'A:300', 'A:302', 'A:303', 'A:325', 'A:329', 'A:330', 'A:333', 'A:336', 'A:439', 'A:440']
3NLI	A	['A:210', 'A:211', 'A:214', 'A:300', 'A:302', 'A:303', 'A:325', 'A:329', 'A:330', 'A:333', 'A:336', 'A:439', 'A:440']
3NLJ	A	['A:181', 'A:182', 'A:185', 'A:271', 'A:273', 'A:274', 'A:296', 'A:300', 'A:301', 'A:304', 'A:307', 'A:410', 'A:411']
3NLK	A	['A:181', 'A:182', 'A:185', 'A:271', 'A:273', 'A:274', 'A:296', 'A:300', 'A:301', 'A:304', 'A:307', 'A:410', 'A:411']
3NLM	A	['A:181', 'A:182', 'A:185', 'A:271', 'A:273', 'A:274', 'A:296', 'A:300', 'A:301', 'A:304', 'A:307', 'A:410', 'A:411']
3NLN	A	['A:181', 'A:182', 'A:185', 'A:271', 'A:273', 'A:274', 'A:296', 'A:300', 'A:301', 'A:304', 'A:307', 'A:410', 'A:411']
3NLO	A	['A:181', 'A:182', 'A:185', 'A:271', 'A:273', 'A:274', 'A:296', 'A:300', 'A:301', 'A:304', 'A:307', 'A:410', 'A:411']
3NLP	A	['A:181', 'A:182', 'A:185', 'A:271', 'A:273', 'A:274', 'A:296', 'A:300', 'A:301', 'A:304', 'A:307', 'A:410', 'A:411']
3NLQ	A	['A:181', 'A:182', 'A:185', 'A:271', 'A:273', 'A:274', 'A:296', 'A:300', 'A:301', 'A:304', 'A:307', 'A:410', 'A:411']
3NLR	A	['A:181', 'A:182', 'A:185', 'A:271', 'A:273', 'A:274', 'A:296', 'A:300', 'A:301', 'A:304', 'A:307', 'A:410', 'A:411']
3NLT	A	['A:210', 'A:211', 'A:214', 'A:300', 'A:302', 'A:303', 'A:325', 'A:329', 'A:330', 'A:333', 'A:336', 'A:439', 'A:440']
3NLU	A	['A:210', 'A:211', 'A:214', 'A:300', 'A:302', 'A:303', 'A:325', 'A:329', 'A:330', 'A:333', 'A:336', 'A:439', 'A:440']
3NLV	A	['A:181', 'A:182', 'A:185', 'A:271', 'A:273', 'A:274', 'A:296', 'A:300', 'A:301', 'A:304', 'A:307', 'A:410', 'A:411']
3NLW	A	['A:181', 'A:182', 'A:185', 'A:271', 'A:273', 'A:274', 'A:296', 'A:300', 'A:301', 'A:304', 'A:307', 'A:410', 'A:411']
3NLX	A	['A:181', 'A:182', 'A:185', 'A:271', 'A:273', 'A:274', 'A:296', 'A:300', 'A:301', 'A:304', 'A:307', 'A:410', 'A:411']
3NLY	A	['A:181', 'A:182', 'A:185', 'A:271', 'A:273', 'A:274', 'A:296', 'A:300', 'A:301', 'A:304', 'A:307', 'A:410', 'A:411']
3NM0	A	['A:181', 'A:182', 'A:185', 'A:271', 'A:273', 'A:274', 'A:296', 'A:300', 'A:301', 'A:304', 'A:307', 'A:410', 'A:411']
3NNY	A	['A:181', 'A:182', 'A:185', 'A:271', 'A:273', 'A:274', 'A:296', 'A:300', 'A:301', 'A:304', 'A:307', 'A:410', 'A:411']
3NNZ	A	['A:181', 'A:182', 'A:185', 'A:271', 'A:273', 'A:274', 'A:296', 'A:300', 'A:301', 'A:304', 'A:307', 'A:410', 'A:411']
3NOD	A	['A:180', 'A:181', 'A:184', 'A:270', 'A:272', 'A:273', 'A:295', 'A:299', 'A:300', 'A:303', 'A:306', 'A:409', 'A:410']
3NOS	A	['A:181', 'A:182', 'A:185', 'A:271', 'A:273', 'A:274', 'A:296', 'A:300', 'A:301', 'A:304', 'A:307', 'A:410', 'A:411']
3NSE	A	['A:210', 'A:211', 'A:214', 'A:300', 'A:302', 'A:303', 'A:325', 'A:329', 'A:330', 'A:333', 'A:336', 'A:439', 'A:440']
3NW2	A	['A:180', 'A:181', 'A:184', 'A:270', 'A:272', 'A:273', 'A:295', 'A:299', 'A:300', 'A:303', 'A:306', 'A:409', 'A:410']
3PNE	A	['A:181', 'A:182', 'A:185', 'A:271', 'A:273', 'A:274', 'A:296', 'A:300', 'A:301', 'A:304', 'A:307', 'A:410', 'A:411']
3PNF	A	['A:181', 'A:182', 'A:185', 'A:271', 'A:273', 'A:274', 'A:296', 'A:300', 'A:301', 'A:304', 'A:307', 'A:410', 'A:411']
3PNG	A	['A:181', 'A:182', 'A:185', 'A:271', 'A:273', 'A:274', 'A:296', 'A:300', 'A:301', 'A:304', 'A:307', 'A:410', 'A:411']
3PNH	A	['A:182', 'A:183', 'A:186', 'A:272', 'A:274', 'A:275', 'A:297', 'A:301', 'A:302', 'A:305', 'A:308', 'A:411', 'A:412']
3Q99	A	['A:181', 'A:182', 'A:185', 'A:271', 'A:273', 'A:274', 'A:296', 'A:300', 'A:301', 'A:304', 'A:307', 'A:410', 'A:411']
3Q9A	A	['A:181', 'A:182', 'A:185', 'A:271', 'A:273', 'A:274', 'A:296', 'A:300', 'A:301', 'A:304', 'A:307', 'A:410', 'A:411']
3RQJ	A	['A:181', 'A:182', 'A:185', 'A:271', 'A:273', 'A:274', 'A:296', 'A:300', 'A:301', 'A:304', 'A:307', 'A:410', 'A:411']
3RQK	A	['A:181', 'A:182', 'A:185', 'A:271', 'A:273', 'A:274', 'A:296', 'A:300', 'A:301', 'A:304', 'A:307', 'A:410', 'A:411']
3RQL	A	['A:181', 'A:182', 'A:185', 'A:271', 'A:273', 'A:274', 'A:296', 'A:300', 'A:301', 'A:304', 'A:307', 'A:410', 'A:411']
3RQM	A	['A:181', 'A:182', 'A:185', 'A:271', 'A:273', 'A:274', 'A:296', 'A:300', 'A:301', 'A:304', 'A:307', 'A:410', 'A:411']
3RQN	A	['A:181', 'A:182', 'A:185', 'A:271', 'A:273', 'A:274', 'A:296', 'A:300', 'A:301', 'A:304', 'A:307', 'A:410', 'A:411']
3RQO	A	['A:209', 'A:210', 'A:213', 'A:299', 'A:301', 'A:302', 'A:324', 'A:328', 'A:329', 'A:332', 'A:335', 'A:438', 'A:439']
3RQP	A	['A:209', 'A:210', 'A:213', 'A:299', 'A:301', 'A:302', 'A:324', 'A:328', 'A:329', 'A:332', 'A:335', 'A:438', 'A:439']
3SVP	A	['A:181', 'A:182', 'A:185', 'A:271', 'A:273', 'A:274', 'A:296', 'A:300', 'A:301', 'A:304', 'A:307', 'A:410', 'A:411']
3SVQ	A	['A:181', 'A:182', 'A:185', 'A:271', 'A:273', 'A:274', 'A:296', 'A:300', 'A:301', 'A:304', 'A:307', 'A:410', 'A:411']
3TYL	A	['A:181', 'A:182', 'A:185', 'A:271', 'A:273', 'A:274', 'A:296', 'A:300', 'A:301', 'A:304', 'A:307', 'A:410', 'A:411']
3TYM	A	['A:181', 'A:182', 'A:185', 'A:271', 'A:273', 'A:274', 'A:296', 'A:300', 'A:301', 'A:304', 'A:307', 'A:410', 'A:411']
3TYN	A	['A:181', 'A:182', 'A:185', 'A:271', 'A:273', 'A:274', 'A:296', 'A:300', 'A:301', 'A:304', 'A:307', 'A:410', 'A:411']
3TYO	A	['A:181', 'A:182', 'A:185', 'A:271', 'A:273', 'A:274', 'A:296', 'A:300', 'A:301', 'A:304', 'A:307', 'A:410', 'A:411']
3UFO	A	['A:181', 'A:182', 'A:185', 'A:271', 'A:273', 'A:274', 'A:296', 'A:300', 'A:301', 'A:304', 'A:307', 'A:410', 'A:411']
3UFP	A	['A:181', 'A:182', 'A:185', 'A:271', 'A:273', 'A:274', 'A:296', 'A:300', 'A:301', 'A:304', 'A:307', 'A:410', 'A:411']
3UFQ	A	['A:181', 'A:182', 'A:185', 'A:271', 'A:273', 'A:274', 'A:296', 'A:300', 'A:301', 'A:304', 'A:307', 'A:410', 'A:411']
3UFR	A	['A:181', 'A:182', 'A:185', 'A:271', 'A:273', 'A:274', 'A:296', 'A:300', 'A:301', 'A:304', 'A:307', 'A:410', 'A:411']
3UFS	A	['A:181', 'A:182', 'A:185', 'A:271', 'A:273', 'A:274', 'A:296', 'A:300', 'A:301', 'A:304', 'A:307', 'A:410', 'A:411']
3UFT	A	['A:181', 'A:182', 'A:185', 'A:271', 'A:273', 'A:274', 'A:296', 'A:300', 'A:301', 'A:304', 'A:307', 'A:410', 'A:411']
3UFU	A	['A:181', 'A:182', 'A:185', 'A:271', 'A:273', 'A:274', 'A:296', 'A:300', 'A:301', 'A:304', 'A:307', 'A:410', 'A:411']
3UFV	A	['A:181', 'A:182', 'A:185', 'A:271', 'A:273', 'A:274', 'A:296', 'A:300', 'A:301', 'A:304', 'A:307', 'A:410', 'A:411']
3UFW	A	['A:181', 'A:182', 'A:185', 'A:271', 'A:273', 'A:274', 'A:296', 'A:300', 'A:301', 'A:304', 'A:307', 'A:410', 'A:411']
4C39	A	['A:181', 'A:182', 'A:185', 'A:271', 'A:273', 'A:274', 'A:296', 'A:300', 'A:301', 'A:304', 'A:307', 'A:410', 'A:411']
4C3A	A	['A:209', 'A:210', 'A:213', 'A:299', 'A:301', 'A:302', 'A:324', 'A:328', 'A:329', 'A:332', 'A:335', 'A:438', 'A:439']
4CAM	A	['A:181', 'A:182', 'A:185', 'A:271', 'A:273', 'A:274', 'A:296', 'A:300', 'A:301', 'A:304', 'A:307', 'A:410', 'A:411']
4CAN	A	['A:181', 'A:182', 'A:185', 'A:271', 'A:273', 'A:274', 'A:296', 'A:300', 'A:301', 'A:304', 'A:307', 'A:410', 'A:411']
4CAO	A	['A:181', 'A:182', 'A:185', 'A:271', 'A:273', 'A:274', 'A:296', 'A:300', 'A:301', 'A:304', 'A:307', 'A:410', 'A:411']
4CAP	A	['A:181', 'A:182', 'A:185', 'A:271', 'A:273', 'A:274', 'A:296', 'A:300', 'A:301', 'A:304', 'A:307', 'A:410', 'A:411']
4CAQ	A	['A:181', 'A:182', 'A:185', 'A:271', 'A:273', 'A:274', 'A:296', 'A:300', 'A:301', 'A:304', 'A:307', 'A:410', 'A:411']
4CAR	A	['A:209', 'A:210', 'A:213', 'A:299', 'A:301', 'A:302', 'A:324', 'A:328', 'A:329', 'A:332', 'A:335', 'A:438', 'A:439']
4CDT	A	['A:181', 'A:182', 'A:185', 'A:271', 'A:273', 'A:274', 'A:296', 'A:300', 'A:301', 'A:304', 'A:307', 'A:410', 'A:411']
4CFT	A	['A:209', 'A:210', 'A:213', 'A:299', 'A:301', 'A:302', 'A:324', 'A:328', 'A:329', 'A:332', 'A:335', 'A:438', 'A:439']
4CFT	B	['B:209', 'B:210', 'B:213', 'B:299', 'B:301', 'B:302', 'B:324', 'B:328', 'B:329', 'B:332', 'B:335', 'B:438', 'B:439']
4CTP	A	['A:181', 'A:182', 'A:185', 'A:271', 'A:273', 'A:274', 'A:296', 'A:300', 'A:301', 'A:304', 'A:307', 'A:410', 'A:411']
4CTQ	A	['A:181', 'A:182', 'A:185', 'A:271', 'A:273', 'A:274', 'A:296', 'A:300', 'A:301', 'A:304', 'A:307', 'A:410', 'A:411']
4CTR	A	['A:181', 'A:182', 'A:185', 'A:271', 'A:273', 'A:274', 'A:296', 'A:300', 'A:301', 'A:304', 'A:307', 'A:410', 'A:411']
4CTT	A	['A:181', 'A:182', 'A:185', 'A:271', 'A:273', 'A:274', 'A:296', 'A:300', 'A:301', 'A:304', 'A:307', 'A:410', 'A:411']
4CTU	A	['A:181', 'A:182', 'A:185', 'A:271', 'A:273', 'A:274', 'A:296', 'A:300', 'A:301', 'A:304', 'A:307', 'A:410', 'A:411']
4CTV	A	['A:181', 'A:182', 'A:185', 'A:271', 'A:273', 'A:274', 'A:296', 'A:300', 'A:301', 'A:304', 'A:307', 'A:410', 'A:411']
4CTW	A	['A:181', 'A:182', 'A:185', 'A:271', 'A:273', 'A:274', 'A:296', 'A:300', 'A:301', 'A:304', 'A:307', 'A:410', 'A:411']
4CTX	A	['A:181', 'A:182', 'A:185', 'A:271', 'A:273', 'A:274', 'A:296', 'A:300', 'A:301', 'A:304', 'A:307', 'A:410', 'A:411']
4CTY	A	['A:209', 'A:210', 'A:213', 'A:299', 'A:301', 'A:302', 'A:324', 'A:328', 'A:329', 'A:332', 'A:335', 'A:438', 'A:439']
4CTZ	A	['A:209', 'A:210', 'A:213', 'A:299', 'A:301', 'A:302', 'A:324', 'A:328', 'A:329', 'A:332', 'A:335', 'A:438', 'A:439']
4CU0	A	['A:209', 'A:210', 'A:213', 'A:299', 'A:301', 'A:302', 'A:324', 'A:328', 'A:329', 'A:332', 'A:335', 'A:438', 'A:439']
4CU1	A	['A:209', 'A:210', 'A:213', 'A:299', 'A:301', 'A:302', 'A:324', 'A:328', 'A:329', 'A:332', 'A:335', 'A:438', 'A:439']
4CU1	B	['B:209', 'B:210', 'B:213', 'B:299', 'B:301', 'B:302', 'B:324', 'B:328', 'B:329', 'B:332', 'B:335', 'B:438', 'B:439']
4CUL	A	['A:209', 'A:210', 'A:213', 'A:299', 'A:301', 'A:302', 'A:324', 'A:328', 'A:329', 'A:332', 'A:335', 'A:438', 'A:439']
4CUM	A	['A:209', 'A:210', 'A:213', 'A:299', 'A:301', 'A:302', 'A:324', 'A:328', 'A:329', 'A:332', 'A:335', 'A:438', 'A:439']
4CUN	A	['A:209', 'A:210', 'A:213', 'A:299', 'A:301', 'A:302', 'A:324', 'A:328', 'A:329', 'A:332', 'A:335', 'A:438', 'A:439']
4CWV	A	['A:209', 'A:210', 'A:213', 'A:299', 'A:301', 'A:302', 'A:324', 'A:328', 'A:329', 'A:332', 'A:335', 'A:438', 'A:439']
4CWW	A	['A:209', 'A:210', 'A:213', 'A:299', 'A:301', 'A:302', 'A:324', 'A:328', 'A:329', 'A:332', 'A:335', 'A:438', 'A:439']
4CWX	A	['A:209', 'A:210', 'A:213', 'A:299', 'A:301', 'A:302', 'A:324', 'A:328', 'A:329', 'A:332', 'A:335', 'A:438', 'A:439']
4CWY	A	['A:209', 'A:210', 'A:213', 'A:299', 'A:301', 'A:302', 'A:324', 'A:328', 'A:329', 'A:332', 'A:335', 'A:438', 'A:439']
4CWZ	A	['A:209', 'A:210', 'A:213', 'A:299', 'A:301', 'A:302', 'A:324', 'A:328', 'A:329', 'A:332', 'A:335', 'A:438', 'A:439']
4CX0	A	['A:209', 'A:210', 'A:213', 'A:299', 'A:301', 'A:302', 'A:324', 'A:328', 'A:329', 'A:332', 'A:335', 'A:438', 'A:439']
4CX1	A	['A:209', 'A:210', 'A:213', 'A:299', 'A:301', 'A:302', 'A:324', 'A:328', 'A:329', 'A:332', 'A:335', 'A:438', 'A:439']
4CX2	A	['A:209', 'A:210', 'A:213', 'A:299', 'A:301', 'A:302', 'A:324', 'A:328', 'A:329', 'A:332', 'A:335', 'A:438', 'A:439']
4CX3	A	['A:181', 'A:182', 'A:185', 'A:271', 'A:273', 'A:274', 'A:296', 'A:300', 'A:301', 'A:304', 'A:307', 'A:410', 'A:411']
4CX4	A	['A:181', 'A:182', 'A:185', 'A:271', 'A:273', 'A:274', 'A:296', 'A:300', 'A:301', 'A:304', 'A:307', 'A:410', 'A:411']
4CX5	A	['A:181', 'A:182', 'A:185', 'A:271', 'A:273', 'A:274', 'A:296', 'A:300', 'A:301', 'A:304', 'A:307', 'A:410', 'A:411']
4CX6	A	['A:181', 'A:182', 'A:185', 'A:271', 'A:273', 'A:274', 'A:296', 'A:300', 'A:301', 'A:304', 'A:307', 'A:410', 'A:411']
4CX7	A	['A:189', 'A:190', 'A:193', 'A:279', 'A:281', 'A:282', 'A:304', 'A:308', 'A:309', 'A:312', 'A:315', 'A:418', 'A:419']
4D1N	A	['A:181', 'A:182', 'A:185', 'A:271', 'A:273', 'A:274', 'A:296', 'A:300', 'A:301', 'A:304', 'A:307', 'A:410', 'A:411']
4D1O	A	['A:206', 'A:207', 'A:210', 'A:296', 'A:298', 'A:299', 'A:321', 'A:325', 'A:326', 'A:329', 'A:332', 'A:435', 'A:436']
4D1P	A	['A:206', 'A:207', 'A:210', 'A:296', 'A:298', 'A:299', 'A:321', 'A:325', 'A:326', 'A:329', 'A:332', 'A:435', 'A:436']
4D2Z	A	['A:181', 'A:182', 'A:185', 'A:271', 'A:273', 'A:274', 'A:296', 'A:300', 'A:301', 'A:304', 'A:307', 'A:410', 'A:411']
4D30	A	['A:181', 'A:182', 'A:185', 'A:271', 'A:273', 'A:274', 'A:296', 'A:300', 'A:301', 'A:304', 'A:307', 'A:410', 'A:411']
4D31	A	['A:181', 'A:182', 'A:185', 'A:271', 'A:273', 'A:274', 'A:296', 'A:300', 'A:301', 'A:304', 'A:307', 'A:410', 'A:411']
4D32	A	['A:181', 'A:182', 'A:185', 'A:271', 'A:273', 'A:274', 'A:296', 'A:300', 'A:301', 'A:304', 'A:307', 'A:410', 'A:411']
4D33	A	['A:209', 'A:210', 'A:213', 'A:299', 'A:301', 'A:302', 'A:324', 'A:328', 'A:329', 'A:332', 'A:335', 'A:438', 'A:439']
4D34	A	['A:209', 'A:210', 'A:213', 'A:299', 'A:301', 'A:302', 'A:324', 'A:328', 'A:329', 'A:332', 'A:335', 'A:438', 'A:439']
4D35	A	['A:209', 'A:210', 'A:213', 'A:299', 'A:301', 'A:302', 'A:324', 'A:328', 'A:329', 'A:332', 'A:335', 'A:438', 'A:439']
4D36	A	['A:209', 'A:210', 'A:213', 'A:299', 'A:301', 'A:302', 'A:324', 'A:328', 'A:329', 'A:332', 'A:335', 'A:438', 'A:439']
4D37	A	['A:209', 'A:210', 'A:213', 'A:299', 'A:301', 'A:302', 'A:324', 'A:328', 'A:329', 'A:332', 'A:335', 'A:438', 'A:439']
4D38	A	['A:209', 'A:210', 'A:213', 'A:299', 'A:301', 'A:302', 'A:324', 'A:328', 'A:329', 'A:332', 'A:335', 'A:438', 'A:439']
4D39	A	['A:209', 'A:210', 'A:213', 'A:299', 'A:301', 'A:302', 'A:324', 'A:328', 'A:329', 'A:332', 'A:335', 'A:438', 'A:439']
4D3A	A	['A:209', 'A:210', 'A:213', 'A:299', 'A:301', 'A:302', 'A:324', 'A:328', 'A:329', 'A:332', 'A:335', 'A:438', 'A:439']
4D3B	A	['A:181', 'A:182', 'A:185', 'A:271', 'A:273', 'A:274', 'A:296', 'A:300', 'A:301', 'A:304', 'A:307', 'A:410', 'A:411']
4D3I	A	['A:128', 'A:129', 'A:132', 'A:218', 'A:220', 'A:221', 'A:243', 'A:247', 'A:248', 'A:251', 'A:254', 'A:357', 'A:358']
4D3J	A	['A:128', 'A:129', 'A:132', 'A:218', 'A:220', 'A:221', 'A:243', 'A:247', 'A:248', 'A:251', 'A:254', 'A:357', 'A:358']
4D3K	A	['A:128', 'A:129', 'A:132', 'A:218', 'A:220', 'A:221', 'A:243', 'A:247', 'A:248', 'A:251', 'A:254', 'A:357', 'A:358']
4D3M	A	['A:128', 'A:129', 'A:132', 'A:218', 'A:220', 'A:221', 'A:243', 'A:247', 'A:248', 'A:251', 'A:254', 'A:357', 'A:358']
4D3N	A	['A:128', 'A:129', 'A:132', 'A:218', 'A:220', 'A:221', 'A:243', 'A:247', 'A:248', 'A:251', 'A:254', 'A:357', 'A:358']
4D3O	A	['A:128', 'A:129', 'A:132', 'A:218', 'A:220', 'A:221', 'A:243', 'A:247', 'A:248', 'A:251', 'A:254', 'A:357', 'A:358']
4D3T	A	['A:128', 'A:129', 'A:132', 'A:218', 'A:220', 'A:221', 'A:243', 'A:247', 'A:248', 'A:251', 'A:254', 'A:357', 'A:358']
4D3V	A	['A:131', 'A:132', 'A:135', 'A:221', 'A:223', 'A:224', 'A:246', 'A:250', 'A:251', 'A:254', 'A:257', 'A:360', 'A:361']
4D7I	A	['A:128', 'A:129', 'A:132', 'A:218', 'A:220', 'A:221', 'A:243', 'A:247', 'A:248', 'A:251', 'A:254', 'A:357', 'A:358']
4D7J	A	['A:128', 'A:129', 'A:132', 'A:218', 'A:220', 'A:221', 'A:243', 'A:247', 'A:248', 'A:251', 'A:254', 'A:357', 'A:358']
4D7O	A	['A:181', 'A:182', 'A:185', 'A:271', 'A:273', 'A:274', 'A:296', 'A:300', 'A:301', 'A:304', 'A:307', 'A:410', 'A:411']
4EUX	A	['A:181', 'A:182', 'A:185', 'A:271', 'A:273', 'A:274', 'A:296', 'A:300', 'A:301', 'A:304', 'A:307', 'A:410', 'A:411']
4FVW	A	['A:181', 'A:182', 'A:185', 'A:271', 'A:273', 'A:274', 'A:296', 'A:300', 'A:301', 'A:304', 'A:307', 'A:410', 'A:411']
4FVX	A	['A:181', 'A:182', 'A:185', 'A:271', 'A:273', 'A:274', 'A:296', 'A:300', 'A:301', 'A:304', 'A:307', 'A:410', 'A:411']
4FVY	A	['A:181', 'A:182', 'A:185', 'A:271', 'A:273', 'A:274', 'A:296', 'A:300', 'A:301', 'A:304', 'A:307', 'A:410', 'A:411']
4FVZ	A	['A:181', 'A:182', 'A:185', 'A:271', 'A:273', 'A:274', 'A:296', 'A:300', 'A:301', 'A:304', 'A:307', 'A:410', 'A:411']
4FW0	A	['A:181', 'A:182', 'A:185', 'A:271', 'A:273', 'A:274', 'A:296', 'A:300', 'A:301', 'A:304', 'A:307', 'A:410', 'A:411']
4GQE	A	['A:181', 'A:182', 'A:185', 'A:271', 'A:273', 'A:274', 'A:296', 'A:300', 'A:301', 'A:304', 'A:307', 'A:410', 'A:411']
4IMS	A	['A:181', 'A:182', 'A:185', 'A:271', 'A:273', 'A:274', 'A:296', 'A:300', 'A:301', 'A:304', 'A:307', 'A:410', 'A:411']
4IMU	A	['A:181', 'A:182', 'A:185', 'A:271', 'A:273', 'A:274', 'A:296', 'A:300', 'A:301', 'A:304', 'A:307', 'A:410', 'A:411']
4IMW	A	['A:181', 'A:182', 'A:185', 'A:271', 'A:273', 'A:274', 'A:296', 'A:300', 'A:301', 'A:304', 'A:307', 'A:410', 'A:411']
4IMX	A	['A:208', 'A:209', 'A:212', 'A:298', 'A:300', 'A:301', 'A:323', 'A:327', 'A:328', 'A:331', 'A:334', 'A:437', 'A:438']
4JS9	A	['A:191', 'A:192', 'A:195', 'A:281', 'A:283', 'A:284', 'A:306', 'A:310', 'A:311', 'A:314', 'A:317', 'A:420', 'A:421']
4JSE	A	['A:181', 'A:182', 'A:185', 'A:271', 'A:273', 'A:274', 'A:296', 'A:300', 'A:301', 'A:304', 'A:307', 'A:410', 'A:411']
4JSF	A	['A:181', 'A:182', 'A:185', 'A:271', 'A:273', 'A:274', 'A:296', 'A:300', 'A:301', 'A:304', 'A:307', 'A:410', 'A:411']
4JSG	A	['A:181', 'A:182', 'A:185', 'A:271', 'A:273', 'A:274', 'A:296', 'A:300', 'A:301', 'A:304', 'A:307', 'A:410', 'A:411']
4JSH	A	['A:181', 'A:182', 'A:185', 'A:271', 'A:273', 'A:274', 'A:296', 'A:300', 'A:301', 'A:304', 'A:307', 'A:410', 'A:411']
4JSI	A	['A:181', 'A:182', 'A:185', 'A:271', 'A:273', 'A:274', 'A:296', 'A:300', 'A:301', 'A:304', 'A:307', 'A:410', 'A:411']
4JSJ	A	['A:181', 'A:182', 'A:185', 'A:271', 'A:273', 'A:274', 'A:296', 'A:300', 'A:301', 'A:304', 'A:307', 'A:410', 'A:411']
4JSK	A	['A:209', 'A:210', 'A:213', 'A:299', 'A:301', 'A:302', 'A:324', 'A:328', 'A:329', 'A:332', 'A:335', 'A:438', 'A:439']
4JSL	A	['A:209', 'A:210', 'A:213', 'A:299', 'A:301', 'A:302', 'A:324', 'A:328', 'A:329', 'A:332', 'A:335', 'A:438', 'A:439']
4K5E	A	['A:181', 'A:182', 'A:185', 'A:271', 'A:273', 'A:274', 'A:296', 'A:300', 'A:301', 'A:304', 'A:307', 'A:410', 'A:411']
4K5F	A	['A:181', 'A:182', 'A:185', 'A:271', 'A:273', 'A:274', 'A:296', 'A:300', 'A:301', 'A:304', 'A:307', 'A:410', 'A:411']
4K5G	A	['A:181', 'A:182', 'A:185', 'A:271', 'A:273', 'A:274', 'A:296', 'A:300', 'A:301', 'A:304', 'A:307', 'A:410', 'A:411']
4K5H	A	['A:209', 'A:210', 'A:213', 'A:299', 'A:301', 'A:302', 'A:324', 'A:328', 'A:329', 'A:332', 'A:335', 'A:438', 'A:439']
4K5J	A	['A:209', 'A:210', 'A:213', 'A:299', 'A:301', 'A:302', 'A:324', 'A:328', 'A:329', 'A:332', 'A:335', 'A:438', 'A:439']
4K5K	A	['A:209', 'A:210', 'A:213', 'A:299', 'A:301', 'A:302', 'A:324', 'A:328', 'A:329', 'A:332', 'A:335', 'A:438', 'A:439']
4KCH	A	['A:181', 'A:182', 'A:185', 'A:271', 'A:273', 'A:274', 'A:296', 'A:300', 'A:301', 'A:304', 'A:307', 'A:410', 'A:411']
4KCI	A	['A:181', 'A:182', 'A:185', 'A:271', 'A:273', 'A:274', 'A:296', 'A:300', 'A:301', 'A:304', 'A:307', 'A:410', 'A:411']
4KCJ	A	['A:181', 'A:182', 'A:185', 'A:271', 'A:273', 'A:274', 'A:296', 'A:300', 'A:301', 'A:304', 'A:307', 'A:410', 'A:411']
4KCK	A	['A:181', 'A:182', 'A:185', 'A:271', 'A:273', 'A:274', 'A:296', 'A:300', 'A:301', 'A:304', 'A:307', 'A:410', 'A:411']
4KCL	A	['A:181', 'A:182', 'A:185', 'A:271', 'A:273', 'A:274', 'A:296', 'A:300', 'A:301', 'A:304', 'A:307', 'A:410', 'A:411']
4KCM	A	['A:181', 'A:182', 'A:185', 'A:271', 'A:273', 'A:274', 'A:296', 'A:300', 'A:301', 'A:304', 'A:307', 'A:410', 'A:411']
4KCN	A	['A:181', 'A:182', 'A:185', 'A:271', 'A:273', 'A:274', 'A:296', 'A:300', 'A:301', 'A:304', 'A:307', 'A:410', 'A:411']
4KCP	A	['A:209', 'A:210', 'A:213', 'A:299', 'A:301', 'A:302', 'A:324', 'A:328', 'A:329', 'A:332', 'A:335', 'A:438', 'A:439']
4KCQ	A	['A:209', 'A:210', 'A:213', 'A:299', 'A:301', 'A:302', 'A:324', 'A:328', 'A:329', 'A:332', 'A:335', 'A:438', 'A:439']
4KCR	A	['A:209', 'A:210', 'A:213', 'A:299', 'A:301', 'A:302', 'A:324', 'A:328', 'A:329', 'A:332', 'A:335', 'A:438', 'A:439']
4KCS	A	['A:209', 'A:210', 'A:213', 'A:299', 'A:301', 'A:302', 'A:324', 'A:328', 'A:329', 'A:332', 'A:335', 'A:438', 'A:439']
4LUW	A	['A:208', 'A:209', 'A:212', 'A:298', 'A:300', 'A:301', 'A:323', 'A:327', 'A:328', 'A:331', 'A:334', 'A:437', 'A:438']
4LUX	A	['A:181', 'A:182', 'A:185', 'A:271', 'A:273', 'A:274', 'A:296', 'A:300', 'A:301', 'A:304', 'A:307', 'A:410', 'A:411']
4LWA	A	['A:128', 'A:129', 'A:132', 'A:218', 'A:220', 'A:221', 'A:243', 'A:247', 'A:248', 'A:251', 'A:254', 'A:357', 'A:358']
4LWB	A	['A:128', 'A:129', 'A:132', 'A:218', 'A:220', 'A:221', 'A:243', 'A:247', 'A:248', 'A:251', 'A:254', 'A:357', 'A:358']
4NOS	A	['A:181', 'A:182', 'A:185', 'A:271', 'A:273', 'A:274', 'A:296', 'A:300', 'A:301', 'A:304', 'A:307', 'A:410', 'A:411']
4NSE	A	['A:210', 'A:211', 'A:214', 'A:300', 'A:302', 'A:303', 'A:325', 'A:329', 'A:330', 'A:333', 'A:336', 'A:439', 'A:440']
4UCH	A	['A:181', 'A:182', 'A:185', 'A:271', 'A:273', 'A:274', 'A:296', 'A:300', 'A:301', 'A:304', 'A:307', 'A:410', 'A:411']
4UG6	A	['A:128', 'A:129', 'A:132', 'A:218', 'A:220', 'A:221', 'A:243', 'A:247', 'A:248', 'A:251', 'A:254', 'A:357', 'A:358']
4UG7	A	['A:128', 'A:129', 'A:132', 'A:218', 'A:220', 'A:221', 'A:243', 'A:247', 'A:248', 'A:251', 'A:254', 'A:357', 'A:358']
4UG9	A	['A:128', 'A:129', 'A:132', 'A:218', 'A:220', 'A:221', 'A:243', 'A:247', 'A:248', 'A:251', 'A:254', 'A:357', 'A:358']
4UGA	A	['A:128', 'A:129', 'A:132', 'A:218', 'A:220', 'A:221', 'A:243', 'A:247', 'A:248', 'A:251', 'A:254', 'A:357', 'A:358']
4UGB	A	['A:128', 'A:129', 'A:132', 'A:218', 'A:220', 'A:221', 'A:243', 'A:247', 'A:248', 'A:251', 'A:254', 'A:357', 'A:358']
4UGC	A	['A:128', 'A:129', 'A:132', 'A:218', 'A:220', 'A:221', 'A:243', 'A:247', 'A:248', 'A:251', 'A:254', 'A:357', 'A:358']
4UGD	A	['A:128', 'A:129', 'A:132', 'A:218', 'A:220', 'A:221', 'A:243', 'A:247', 'A:248', 'A:251', 'A:254', 'A:357', 'A:358']
4UGE	A	['A:128', 'A:129', 'A:132', 'A:218', 'A:220', 'A:221', 'A:243', 'A:247', 'A:248', 'A:251', 'A:254', 'A:357', 'A:358']
4UGF	A	['A:128', 'A:129', 'A:132', 'A:218', 'A:220', 'A:221', 'A:243', 'A:247', 'A:248', 'A:251', 'A:254', 'A:357', 'A:358']
4UGG	A	['A:128', 'A:129', 'A:132', 'A:218', 'A:220', 'A:221', 'A:243', 'A:247', 'A:248', 'A:251', 'A:254', 'A:357', 'A:358']
4UGH	A	['A:128', 'A:129', 'A:132', 'A:218', 'A:220', 'A:221', 'A:243', 'A:247', 'A:248', 'A:251', 'A:254', 'A:357', 'A:358']
4UGJ	A	['A:128', 'A:129', 'A:132', 'A:218', 'A:220', 'A:221', 'A:243', 'A:247', 'A:248', 'A:251', 'A:254', 'A:357', 'A:358']
4UGK	A	['A:128', 'A:129', 'A:132', 'A:218', 'A:220', 'A:221', 'A:243', 'A:247', 'A:248', 'A:251', 'A:254', 'A:357', 'A:358']
4UGM	A	['A:128', 'A:129', 'A:132', 'A:218', 'A:220', 'A:221', 'A:243', 'A:247', 'A:248', 'A:251', 'A:254', 'A:357', 'A:358']
4UGN	A	['A:128', 'A:129', 'A:132', 'A:218', 'A:220', 'A:221', 'A:243', 'A:247', 'A:248', 'A:251', 'A:254', 'A:357', 'A:358']
4UGO	A	['A:128', 'A:129', 'A:132', 'A:218', 'A:220', 'A:221', 'A:243', 'A:247', 'A:248', 'A:251', 'A:254', 'A:357', 'A:358']
4UGP	A	['A:128', 'A:129', 'A:132', 'A:218', 'A:220', 'A:221', 'A:243', 'A:247', 'A:248', 'A:251', 'A:254', 'A:357', 'A:358']
4UGQ	A	['A:128', 'A:129', 'A:132', 'A:218', 'A:220', 'A:221', 'A:243', 'A:247', 'A:248', 'A:251', 'A:254', 'A:357', 'A:358']
4UGR	A	['A:128', 'A:129', 'A:132', 'A:218', 'A:220', 'A:221', 'A:243', 'A:247', 'A:248', 'A:251', 'A:254', 'A:357', 'A:358']
4UGS	A	['A:128', 'A:129', 'A:132', 'A:218', 'A:220', 'A:221', 'A:243', 'A:247', 'A:248', 'A:251', 'A:254', 'A:357', 'A:358']
4UGT	A	['A:128', 'A:129', 'A:132', 'A:218', 'A:220', 'A:221', 'A:243', 'A:247', 'A:248', 'A:251', 'A:254', 'A:357', 'A:358']
4UGU	A	['A:128', 'A:129', 'A:132', 'A:218', 'A:220', 'A:221', 'A:243', 'A:247', 'A:248', 'A:251', 'A:254', 'A:357', 'A:358']
4UGV	A	['A:128', 'A:129', 'A:132', 'A:218', 'A:220', 'A:221', 'A:243', 'A:247', 'A:248', 'A:251', 'A:254', 'A:357', 'A:358']
4UGW	A	['A:128', 'A:129', 'A:132', 'A:218', 'A:220', 'A:221', 'A:243', 'A:247', 'A:248', 'A:251', 'A:254', 'A:357', 'A:358']
4UGX	A	['A:128', 'A:129', 'A:132', 'A:218', 'A:220', 'A:221', 'A:243', 'A:247', 'A:248', 'A:251', 'A:254', 'A:357', 'A:358']
4UGY	A	['A:128', 'A:129', 'A:132', 'A:218', 'A:220', 'A:221', 'A:243', 'A:247', 'A:248', 'A:251', 'A:254', 'A:357', 'A:358']
4UGZ	A	['A:181', 'A:182', 'A:185', 'A:271', 'A:273', 'A:274', 'A:296', 'A:300', 'A:301', 'A:304', 'A:307', 'A:410', 'A:411']
4UH0	A	['A:181', 'A:182', 'A:185', 'A:271', 'A:273', 'A:274', 'A:296', 'A:300', 'A:301', 'A:304', 'A:307', 'A:410', 'A:411']
4UH1	A	['A:181', 'A:182', 'A:185', 'A:271', 'A:273', 'A:274', 'A:296', 'A:300', 'A:301', 'A:304', 'A:307', 'A:410', 'A:411']
4UH2	A	['A:181', 'A:182', 'A:185', 'A:271', 'A:273', 'A:274', 'A:296', 'A:300', 'A:301', 'A:304', 'A:307', 'A:410', 'A:411']
4UH3	A	['A:181', 'A:182', 'A:185', 'A:271', 'A:273', 'A:274', 'A:296', 'A:300', 'A:301', 'A:304', 'A:307', 'A:410', 'A:411']
4UH4	A	['A:181', 'A:182', 'A:185', 'A:271', 'A:273', 'A:274', 'A:296', 'A:300', 'A:301', 'A:304', 'A:307', 'A:410', 'A:411']
4UH5	A	['A:181', 'A:182', 'A:185', 'A:271', 'A:273', 'A:274', 'A:296', 'A:300', 'A:301', 'A:304', 'A:307', 'A:410', 'A:411']
4UH6	A	['A:181', 'A:182', 'A:185', 'A:271', 'A:273', 'A:274', 'A:296', 'A:300', 'A:301', 'A:304', 'A:307', 'A:410', 'A:411']
4UH7	A	['A:209', 'A:210', 'A:213', 'A:299', 'A:301', 'A:302', 'A:324', 'A:328', 'A:329', 'A:332', 'A:335', 'A:438', 'A:439']
4UH8	A	['A:209', 'A:210', 'A:213', 'A:299', 'A:301', 'A:302', 'A:324', 'A:328', 'A:329', 'A:332', 'A:335', 'A:438', 'A:439']
4UH9	A	['A:209', 'A:210', 'A:213', 'A:299', 'A:301', 'A:302', 'A:324', 'A:328', 'A:329', 'A:332', 'A:335', 'A:438', 'A:439']
4UHA	A	['A:209', 'A:210', 'A:213', 'A:299', 'A:301', 'A:302', 'A:324', 'A:328', 'A:329', 'A:332', 'A:335', 'A:438', 'A:439']
4UPN	A	['A:181', 'A:182', 'A:185', 'A:271', 'A:273', 'A:274', 'A:296', 'A:300', 'A:301', 'A:304', 'A:307', 'A:410', 'A:411']
4UPO	A	['A:181', 'A:182', 'A:185', 'A:271', 'A:273', 'A:274', 'A:296', 'A:300', 'A:301', 'A:304', 'A:307', 'A:410', 'A:411']
4UPP	A	['A:181', 'A:182', 'A:185', 'A:271', 'A:273', 'A:274', 'A:296', 'A:300', 'A:301', 'A:304', 'A:307', 'A:410', 'A:411']
4UPQ	A	['A:209', 'A:210', 'A:213', 'A:299', 'A:301', 'A:302', 'A:324', 'A:328', 'A:329', 'A:332', 'A:335', 'A:438', 'A:439']
4UPR	A	['A:209', 'A:210', 'A:213', 'A:299', 'A:301', 'A:302', 'A:324', 'A:328', 'A:329', 'A:332', 'A:335', 'A:438', 'A:439']
4UPS	A	['A:209', 'A:210', 'A:213', 'A:299', 'A:301', 'A:302', 'A:324', 'A:328', 'A:329', 'A:332', 'A:335', 'A:438', 'A:439']
4UPT	A	['A:209', 'A:210', 'A:213', 'A:299', 'A:301', 'A:302', 'A:324', 'A:328', 'A:329', 'A:332', 'A:335', 'A:438', 'A:439']
4UQR	A	['A:128', 'A:129', 'A:132', 'A:218', 'A:220', 'A:221', 'A:243', 'A:247', 'A:248', 'A:251', 'A:254', 'A:357', 'A:358']
4UQS	A	['A:128', 'A:129', 'A:132', 'A:218', 'A:220', 'A:221', 'A:243', 'A:247', 'A:248', 'A:251', 'A:254', 'A:357', 'A:358']
4UX6	B	['B:149', 'B:150', 'B:153', 'B:239', 'B:241', 'B:242', 'B:264', 'B:268', 'B:269', 'B:272', 'B:275', 'B:378', 'B:379']
4V3V	A	['A:181', 'A:182', 'A:185', 'A:271', 'A:273', 'A:274', 'A:296', 'A:300', 'A:301', 'A:304', 'A:307', 'A:410', 'A:411']
4V3W	A	['A:181', 'A:182', 'A:185', 'A:271', 'A:273', 'A:274', 'A:296', 'A:300', 'A:301', 'A:304', 'A:307', 'A:410', 'A:411']
4V3X	A	['A:181', 'A:182', 'A:185', 'A:271', 'A:273', 'A:274', 'A:296', 'A:300', 'A:301', 'A:304', 'A:307', 'A:410', 'A:411']
4V3Y	A	['A:181', 'A:182', 'A:185', 'A:271', 'A:273', 'A:274', 'A:296', 'A:300', 'A:301', 'A:304', 'A:307', 'A:410', 'A:411']
4V3Z	A	['A:181', 'A:182', 'A:185', 'A:271', 'A:273', 'A:274', 'A:296', 'A:300', 'A:301', 'A:304', 'A:307', 'A:410', 'A:411']
5AD4	A	['A:181', 'A:182', 'A:185', 'A:271', 'A:273', 'A:274', 'A:296', 'A:300', 'A:301', 'A:304', 'A:307', 'A:410', 'A:411']
5AD5	A	['A:181', 'A:182', 'A:185', 'A:271', 'A:273', 'A:274', 'A:296', 'A:300', 'A:301', 'A:304', 'A:307', 'A:410', 'A:411']
5AD6	A	['A:181', 'A:182', 'A:185', 'A:271', 'A:273', 'A:274', 'A:296', 'A:300', 'A:301', 'A:304', 'A:307', 'A:410', 'A:411']
5AD7	A	['A:181', 'A:182', 'A:185', 'A:271', 'A:273', 'A:274', 'A:296', 'A:300', 'A:301', 'A:304', 'A:307', 'A:410', 'A:411']
5AD8	A	['A:181', 'A:182', 'A:185', 'A:271', 'A:273', 'A:274', 'A:296', 'A:300', 'A:301', 'A:304', 'A:307', 'A:410', 'A:411']
5AD9	A	['A:181', 'A:182', 'A:185', 'A:271', 'A:273', 'A:274', 'A:296', 'A:300', 'A:301', 'A:304', 'A:307', 'A:410', 'A:411']
5ADA	A	['A:181', 'A:182', 'A:185', 'A:271', 'A:273', 'A:274', 'A:296', 'A:300', 'A:301', 'A:304', 'A:307', 'A:410', 'A:411']
5ADB	A	['A:181', 'A:182', 'A:185', 'A:271', 'A:273', 'A:274', 'A:296', 'A:300', 'A:301', 'A:304', 'A:307', 'A:410', 'A:411']
5ADC	A	['A:181', 'A:182', 'A:185', 'A:271', 'A:273', 'A:274', 'A:296', 'A:300', 'A:301', 'A:304', 'A:307', 'A:410', 'A:411']
5ADD	A	['A:181', 'A:182', 'A:185', 'A:271', 'A:273', 'A:274', 'A:296', 'A:300', 'A:301', 'A:304', 'A:307', 'A:410', 'A:411']
5ADE	A	['A:181', 'A:182', 'A:185', 'A:271', 'A:273', 'A:274', 'A:296', 'A:300', 'A:301', 'A:304', 'A:307', 'A:410', 'A:411']
5ADF	A	['A:181', 'A:182', 'A:185', 'A:271', 'A:273', 'A:274', 'A:296', 'A:300', 'A:301', 'A:304', 'A:307', 'A:410', 'A:411']
5ADG	A	['A:181', 'A:182', 'A:185', 'A:271', 'A:273', 'A:274', 'A:296', 'A:300', 'A:301', 'A:304', 'A:307', 'A:410', 'A:411']
5ADJ	A	['A:209', 'A:210', 'A:213', 'A:299', 'A:301', 'A:302', 'A:324', 'A:328', 'A:329', 'A:332', 'A:335', 'A:438', 'A:439']
5ADK	A	['A:209', 'A:210', 'A:213', 'A:299', 'A:301', 'A:302', 'A:324', 'A:328', 'A:329', 'A:332', 'A:335', 'A:438', 'A:439']
5ADL	A	['A:209', 'A:210', 'A:213', 'A:299', 'A:301', 'A:302', 'A:324', 'A:328', 'A:329', 'A:332', 'A:335', 'A:438', 'A:439']
5ADM	A	['A:209', 'A:210', 'A:213', 'A:299', 'A:301', 'A:302', 'A:324', 'A:328', 'A:329', 'A:332', 'A:335', 'A:438', 'A:439']
5ADN	A	['A:209', 'A:210', 'A:213', 'A:299', 'A:301', 'A:302', 'A:324', 'A:328', 'A:329', 'A:332', 'A:335', 'A:438', 'A:439']
5AGK	A	['A:181', 'A:182', 'A:185', 'A:271', 'A:273', 'A:274', 'A:296', 'A:300', 'A:301', 'A:304', 'A:307', 'A:410', 'A:411']
5AGL	A	['A:181', 'A:182', 'A:185', 'A:271', 'A:273', 'A:274', 'A:296', 'A:300', 'A:301', 'A:304', 'A:307', 'A:410', 'A:411']
5AGM	A	['A:181', 'A:182', 'A:185', 'A:271', 'A:273', 'A:274', 'A:296', 'A:300', 'A:301', 'A:304', 'A:307', 'A:410', 'A:411']
5AGN	A	['A:181', 'A:182', 'A:185', 'A:271', 'A:273', 'A:274', 'A:296', 'A:300', 'A:301', 'A:304', 'A:307', 'A:410', 'A:411']
5AGO	A	['A:181', 'A:182', 'A:185', 'A:271', 'A:273', 'A:274', 'A:296', 'A:300', 'A:301', 'A:304', 'A:307', 'A:410', 'A:411']
5AGP	A	['A:181', 'A:182', 'A:185', 'A:271', 'A:273', 'A:274', 'A:296', 'A:300', 'A:301', 'A:304', 'A:307', 'A:410', 'A:411']
5FJ2	A	['A:209', 'A:210', 'A:213', 'A:299', 'A:301', 'A:302', 'A:324', 'A:328', 'A:329', 'A:332', 'A:335', 'A:438', 'A:439']
5FJ3	A	['A:209', 'A:210', 'A:213', 'A:299', 'A:301', 'A:302', 'A:324', 'A:328', 'A:329', 'A:332', 'A:335', 'A:438', 'A:439']
5FVO	A	['A:181', 'A:182', 'A:185', 'A:271', 'A:273', 'A:274', 'A:296', 'A:300', 'A:301', 'A:304', 'A:307', 'A:410', 'A:411']
5FVP	A	['A:181', 'A:182', 'A:185', 'A:271', 'A:273', 'A:274', 'A:296', 'A:300', 'A:301', 'A:304', 'A:307', 'A:410', 'A:411']
5FVQ	A	['A:181', 'A:182', 'A:185', 'A:271', 'A:273', 'A:274', 'A:296', 'A:300', 'A:301', 'A:304', 'A:307', 'A:410', 'A:411']
5FVT	A	['A:181', 'A:182', 'A:185', 'A:271', 'A:273', 'A:274', 'A:296', 'A:300', 'A:301', 'A:304', 'A:307', 'A:410', 'A:411']
5FVU	A	['A:181', 'A:182', 'A:185', 'A:271', 'A:273', 'A:274', 'A:296', 'A:300', 'A:301', 'A:304', 'A:307', 'A:410', 'A:411']
5FVV	A	['A:181', 'A:182', 'A:185', 'A:271', 'A:273', 'A:274', 'A:296', 'A:300', 'A:301', 'A:304', 'A:307', 'A:410', 'A:411']
5FVW	A	['A:181', 'A:182', 'A:185', 'A:271', 'A:273', 'A:274', 'A:296', 'A:300', 'A:301', 'A:304', 'A:307', 'A:410', 'A:411']
5FVX	A	['A:181', 'A:182', 'A:185', 'A:271', 'A:273', 'A:274', 'A:296', 'A:300', 'A:301', 'A:304', 'A:307', 'A:410', 'A:411']
5FVY	A	['A:209', 'A:210', 'A:213', 'A:299', 'A:301', 'A:302', 'A:324', 'A:328', 'A:329', 'A:332', 'A:335', 'A:438', 'A:439']
5FVZ	A	['A:209', 'A:210', 'A:213', 'A:299', 'A:301', 'A:302', 'A:324', 'A:328', 'A:329', 'A:332', 'A:335', 'A:438', 'A:439']
5FW0	A	['A:181', 'A:182', 'A:185', 'A:271', 'A:273', 'A:274', 'A:296', 'A:300', 'A:301', 'A:304', 'A:307', 'A:410', 'A:411']
5G0N	A	['A:181', 'A:182', 'A:185', 'A:271', 'A:273', 'A:274', 'A:296', 'A:300', 'A:301', 'A:304', 'A:307', 'A:410', 'A:411']
5G0O	A	['A:181', 'A:182', 'A:185', 'A:271', 'A:273', 'A:274', 'A:296', 'A:300', 'A:301', 'A:304', 'A:307', 'A:410', 'A:411']
5G0P	A	['A:181', 'A:182', 'A:185', 'A:271', 'A:273', 'A:274', 'A:296', 'A:300', 'A:301', 'A:304', 'A:307', 'A:410', 'A:411']
5G65	A	['A:128', 'A:129', 'A:132', 'A:218', 'A:220', 'A:221', 'A:243', 'A:247', 'A:248', 'A:251', 'A:254', 'A:357', 'A:358']
5G66	A	['A:128', 'A:129', 'A:132', 'A:218', 'A:220', 'A:221', 'A:243', 'A:247', 'A:248', 'A:251', 'A:254', 'A:357', 'A:358']
5G67	A	['A:128', 'A:129', 'A:132', 'A:218', 'A:220', 'A:221', 'A:243', 'A:247', 'A:248', 'A:251', 'A:254', 'A:357', 'A:358']
5G68	A	['A:128', 'A:129', 'A:132', 'A:218', 'A:220', 'A:221', 'A:243', 'A:247', 'A:248', 'A:251', 'A:254', 'A:357', 'A:358']
5G69	A	['A:128', 'A:129', 'A:132', 'A:218', 'A:220', 'A:221', 'A:243', 'A:247', 'A:248', 'A:251', 'A:254', 'A:357', 'A:358']
5G6A	A	['A:128', 'A:129', 'A:132', 'A:218', 'A:220', 'A:221', 'A:243', 'A:247', 'A:248', 'A:251', 'A:254', 'A:357', 'A:358']
5G6B	A	['A:128', 'A:129', 'A:132', 'A:218', 'A:220', 'A:221', 'A:243', 'A:247', 'A:248', 'A:251', 'A:254', 'A:357', 'A:358']
5G6C	A	['A:128', 'A:129', 'A:132', 'A:218', 'A:220', 'A:221', 'A:243', 'A:247', 'A:248', 'A:251', 'A:254', 'A:357', 'A:358']
5G6D	A	['A:128', 'A:129', 'A:132', 'A:218', 'A:220', 'A:221', 'A:243', 'A:247', 'A:248', 'A:251', 'A:254', 'A:357', 'A:358']
5G6E	A	['A:128', 'A:129', 'A:132', 'A:218', 'A:220', 'A:221', 'A:243', 'A:247', 'A:248', 'A:251', 'A:254', 'A:357', 'A:358']
5G6F	A	['A:128', 'A:129', 'A:132', 'A:218', 'A:220', 'A:221', 'A:243', 'A:247', 'A:248', 'A:251', 'A:254', 'A:357', 'A:358']
5G6G	A	['A:128', 'A:129', 'A:132', 'A:218', 'A:220', 'A:221', 'A:243', 'A:247', 'A:248', 'A:251', 'A:254', 'A:357', 'A:358']
5G6H	A	['A:128', 'A:129', 'A:132', 'A:218', 'A:220', 'A:221', 'A:243', 'A:247', 'A:248', 'A:251', 'A:254', 'A:357', 'A:358']
5G6I	A	['A:128', 'A:129', 'A:132', 'A:218', 'A:220', 'A:221', 'A:243', 'A:247', 'A:248', 'A:251', 'A:254', 'A:357', 'A:358']
5G6J	A	['A:128', 'A:129', 'A:132', 'A:218', 'A:220', 'A:221', 'A:243', 'A:247', 'A:248', 'A:251', 'A:254', 'A:357', 'A:358']
5G6K	A	['A:128', 'A:129', 'A:132', 'A:218', 'A:220', 'A:221', 'A:243', 'A:247', 'A:248', 'A:251', 'A:254', 'A:357', 'A:358']
5G6L	A	['A:128', 'A:129', 'A:132', 'A:218', 'A:220', 'A:221', 'A:243', 'A:247', 'A:248', 'A:251', 'A:254', 'A:357', 'A:358']
5G6M	A	['A:128', 'A:129', 'A:132', 'A:218', 'A:220', 'A:221', 'A:243', 'A:247', 'A:248', 'A:251', 'A:254', 'A:357', 'A:358']
5G6N	A	['A:128', 'A:129', 'A:132', 'A:218', 'A:220', 'A:221', 'A:243', 'A:247', 'A:248', 'A:251', 'A:254', 'A:357', 'A:358']
5G6O	A	['A:128', 'A:129', 'A:132', 'A:218', 'A:220', 'A:221', 'A:243', 'A:247', 'A:248', 'A:251', 'A:254', 'A:357', 'A:358']
5G6P	A	['A:128', 'A:129', 'A:132', 'A:218', 'A:220', 'A:221', 'A:243', 'A:247', 'A:248', 'A:251', 'A:254', 'A:357', 'A:358']
5G6Q	A	['A:128', 'A:129', 'A:132', 'A:218', 'A:220', 'A:221', 'A:243', 'A:247', 'A:248', 'A:251', 'A:254', 'A:357', 'A:358']
5NSE	A	['A:210', 'A:211', 'A:214', 'A:300', 'A:302', 'A:303', 'A:325', 'A:329', 'A:330', 'A:333', 'A:336', 'A:439', 'A:440']
5UNR	A	['A:181', 'A:182', 'A:185', 'A:271', 'A:273', 'A:274', 'A:296', 'A:300', 'A:301', 'A:304', 'A:307', 'A:410', 'A:411']
5UNS	A	['A:181', 'A:182', 'A:185', 'A:271', 'A:273', 'A:274', 'A:296', 'A:300', 'A:301', 'A:304', 'A:307', 'A:410', 'A:411']
5UNT	A	['A:181', 'A:182', 'A:185', 'A:271', 'A:273', 'A:274', 'A:296', 'A:300', 'A:301', 'A:304', 'A:307', 'A:410', 'A:411']
5UNU	A	['A:181', 'A:182', 'A:185', 'A:271', 'A:273', 'A:274', 'A:296', 'A:300', 'A:301', 'A:304', 'A:307', 'A:410', 'A:411']
5UNW	A	['A:181', 'A:182', 'A:185', 'A:271', 'A:273', 'A:274', 'A:296', 'A:300', 'A:301', 'A:304', 'A:307', 'A:410', 'A:411']
5UNX	A	['A:181', 'A:182', 'A:185', 'A:271', 'A:273', 'A:274', 'A:296', 'A:300', 'A:301', 'A:304', 'A:307', 'A:410', 'A:411']
5UNY	A	['A:181', 'A:182', 'A:185', 'A:271', 'A:273', 'A:274', 'A:296', 'A:300', 'A:301', 'A:304', 'A:307', 'A:410', 'A:411']
5UNZ	A	['A:181', 'A:182', 'A:185', 'A:271', 'A:273', 'A:274', 'A:296', 'A:300', 'A:301', 'A:304', 'A:307', 'A:410', 'A:411']
5UO0	A	['A:181', 'A:182', 'A:185', 'A:271', 'A:273', 'A:274', 'A:296', 'A:300', 'A:301', 'A:304', 'A:307', 'A:410', 'A:411']
5UO1	A	['A:181', 'A:182', 'A:185', 'A:271', 'A:273', 'A:274', 'A:296', 'A:300', 'A:301', 'A:304', 'A:307', 'A:410', 'A:411']
5UO2	A	['A:181', 'A:182', 'A:185', 'A:271', 'A:273', 'A:274', 'A:296', 'A:300', 'A:301', 'A:304', 'A:307', 'A:410', 'A:411']
5UO3	A	['A:181', 'A:182', 'A:185', 'A:271', 'A:273', 'A:274', 'A:296', 'A:300', 'A:301', 'A:304', 'A:307', 'A:410', 'A:411']
5UO4	A	['A:181', 'A:182', 'A:185', 'A:271', 'A:273', 'A:274', 'A:296', 'A:300', 'A:301', 'A:304', 'A:307', 'A:410', 'A:411']
5UO5	A	['A:181', 'A:182', 'A:185', 'A:271', 'A:273', 'A:274', 'A:296', 'A:300', 'A:301', 'A:304', 'A:307', 'A:410', 'A:411']
5UO6	A	['A:181', 'A:182', 'A:185', 'A:271', 'A:273', 'A:274', 'A:296', 'A:300', 'A:301', 'A:304', 'A:307', 'A:410', 'A:411']
5UO8	A	['A:206', 'A:207', 'A:210', 'A:296', 'A:298', 'A:299', 'A:321', 'A:325', 'A:326', 'A:329', 'A:332', 'A:435', 'A:436']
5UO9	A	['A:206', 'A:207', 'A:210', 'A:296', 'A:298', 'A:299', 'A:321', 'A:325', 'A:326', 'A:329', 'A:332', 'A:435', 'A:436']
5UOA	A	['A:206', 'A:207', 'A:210', 'A:296', 'A:298', 'A:299', 'A:321', 'A:325', 'A:326', 'A:329', 'A:332', 'A:435', 'A:436']
5UOB	A	['A:206', 'A:207', 'A:210', 'A:296', 'A:298', 'A:299', 'A:321', 'A:325', 'A:326', 'A:329', 'A:332', 'A:435', 'A:436']
5UOC	A	['A:206', 'A:207', 'A:210', 'A:296', 'A:298', 'A:299', 'A:321', 'A:325', 'A:326', 'A:329', 'A:332', 'A:435', 'A:436']
5UOD	A	['A:209', 'A:210', 'A:213', 'A:299', 'A:301', 'A:302', 'A:324', 'A:328', 'A:329', 'A:332', 'A:335', 'A:438', 'A:439']
5VUI	A	['A:181', 'A:182', 'A:185', 'A:271', 'A:273', 'A:274', 'A:296', 'A:300', 'A:301', 'A:304', 'A:307', 'A:410', 'A:411']
5VUJ	A	['A:181', 'A:182', 'A:185', 'A:271', 'A:273', 'A:274', 'A:296', 'A:300', 'A:301', 'A:304', 'A:307', 'A:410', 'A:411']
5VUK	A	['A:181', 'A:182', 'A:185', 'A:271', 'A:273', 'A:274', 'A:296', 'A:300', 'A:301', 'A:304', 'A:307', 'A:410', 'A:411']
5VUL	A	['A:181', 'A:182', 'A:185', 'A:271', 'A:273', 'A:274', 'A:296', 'A:300', 'A:301', 'A:304', 'A:307', 'A:410', 'A:411']
5VUM	A	['A:181', 'A:182', 'A:185', 'A:271', 'A:273', 'A:274', 'A:296', 'A:300', 'A:301', 'A:304', 'A:307', 'A:410', 'A:411']
5VUN	A	['A:181', 'A:182', 'A:185', 'A:271', 'A:273', 'A:274', 'A:296', 'A:300', 'A:301', 'A:304', 'A:307', 'A:410', 'A:411']
5VUO	A	['A:181', 'A:182', 'A:185', 'A:271', 'A:273', 'A:274', 'A:296', 'A:300', 'A:301', 'A:304', 'A:307', 'A:410', 'A:411']
5VUP	A	['A:181', 'A:182', 'A:185', 'A:271', 'A:273', 'A:274', 'A:296', 'A:300', 'A:301', 'A:304', 'A:307', 'A:410', 'A:411']
5VUQ	A	['A:181', 'A:182', 'A:185', 'A:271', 'A:273', 'A:274', 'A:296', 'A:300', 'A:301', 'A:304', 'A:307', 'A:410', 'A:411']
5VUR	A	['A:181', 'A:182', 'A:185', 'A:271', 'A:273', 'A:274', 'A:296', 'A:300', 'A:301', 'A:304', 'A:307', 'A:410', 'A:411']
5VUS	A	['A:181', 'A:182', 'A:185', 'A:271', 'A:273', 'A:274', 'A:296', 'A:300', 'A:301', 'A:304', 'A:307', 'A:410', 'A:411']
5VUT	A	['A:181', 'A:182', 'A:185', 'A:271', 'A:273', 'A:274', 'A:296', 'A:300', 'A:301', 'A:304', 'A:307', 'A:410', 'A:411']
5VUU	A	['A:181', 'A:182', 'A:185', 'A:271', 'A:273', 'A:274', 'A:296', 'A:300', 'A:301', 'A:304', 'A:307', 'A:410', 'A:411']
5VUW	A	['A:181', 'A:182', 'A:185', 'A:271', 'A:273', 'A:274', 'A:296', 'A:300', 'A:301', 'A:304', 'A:307', 'A:410', 'A:411']
5VUX	A	['A:181', 'A:182', 'A:185', 'A:271', 'A:273', 'A:274', 'A:296', 'A:300', 'A:301', 'A:304', 'A:307', 'A:410', 'A:411']
5VUZ	A	['A:181', 'A:182', 'A:185', 'A:271', 'A:273', 'A:274', 'A:296', 'A:300', 'A:301', 'A:304', 'A:307', 'A:410', 'A:411']
5VV0	A	['A:181', 'A:182', 'A:185', 'A:271', 'A:273', 'A:274', 'A:296', 'A:300', 'A:301', 'A:304', 'A:307', 'A:410', 'A:411']
5VV2	A	['A:181', 'A:182', 'A:185', 'A:271', 'A:273', 'A:274', 'A:296', 'A:300', 'A:301', 'A:304', 'A:307', 'A:410', 'A:411']
5VV5	A	['A:181', 'A:182', 'A:185', 'A:271', 'A:273', 'A:274', 'A:296', 'A:300', 'A:301', 'A:304', 'A:307', 'A:410', 'A:411']
5VV6	A	['A:209', 'A:210', 'A:213', 'A:299', 'A:301', 'A:302', 'A:324', 'A:328', 'A:329', 'A:332', 'A:335', 'A:438', 'A:439']
5VV7	A	['A:209', 'A:210', 'A:213', 'A:299', 'A:301', 'A:302', 'A:324', 'A:328', 'A:329', 'A:332', 'A:335', 'A:438', 'A:439']
5VV8	A	['A:209', 'A:210', 'A:213', 'A:299', 'A:301', 'A:302', 'A:324', 'A:328', 'A:329', 'A:332', 'A:335', 'A:438', 'A:439']
5VV9	A	['A:209', 'A:210', 'A:213', 'A:299', 'A:301', 'A:302', 'A:324', 'A:328', 'A:329', 'A:332', 'A:335', 'A:438', 'A:439']
5VVA	A	['A:209', 'A:210', 'A:213', 'A:299', 'A:301', 'A:302', 'A:324', 'A:328', 'A:329', 'A:332', 'A:335', 'A:438', 'A:439']
5VVB	A	['A:206', 'A:207', 'A:210', 'A:296', 'A:298', 'A:299', 'A:321', 'A:325', 'A:326', 'A:329', 'A:332', 'A:435', 'A:436']
5VVC	A	['A:206', 'A:207', 'A:210', 'A:296', 'A:298', 'A:299', 'A:321', 'A:325', 'A:326', 'A:329', 'A:332', 'A:435', 'A:436']
5VVD	A	['A:206', 'A:207', 'A:210', 'A:296', 'A:298', 'A:299', 'A:321', 'A:325', 'A:326', 'A:329', 'A:332', 'A:435', 'A:436']
5VVG	A	['A:209', 'A:210', 'A:213', 'A:299', 'A:301', 'A:302', 'A:324', 'A:328', 'A:329', 'A:332', 'A:335', 'A:438', 'A:439']
5VVN	A	['A:209', 'A:210', 'A:213', 'A:299', 'A:301', 'A:302', 'A:324', 'A:328', 'A:329', 'A:332', 'A:335', 'A:438', 'A:439']
6AUQ	A	['A:181', 'A:182', 'A:185', 'A:271', 'A:273', 'A:274', 'A:296', 'A:300', 'A:301', 'A:304', 'A:307', 'A:410', 'A:411']
6AUR	A	['A:181', 'A:182', 'A:185', 'A:271', 'A:273', 'A:274', 'A:296', 'A:300', 'A:301', 'A:304', 'A:307', 'A:410', 'A:411']
6AUS	A	['A:181', 'A:182', 'A:185', 'A:271', 'A:273', 'A:274', 'A:296', 'A:300', 'A:301', 'A:304', 'A:307', 'A:410', 'A:411']
6AUT	A	['A:181', 'A:182', 'A:185', 'A:271', 'A:273', 'A:274', 'A:296', 'A:300', 'A:301', 'A:304', 'A:307', 'A:410', 'A:411']
6AUU	A	['A:181', 'A:182', 'A:185', 'A:271', 'A:273', 'A:274', 'A:296', 'A:300', 'A:301', 'A:304', 'A:307', 'A:410', 'A:411']
6AUV	A	['A:181', 'A:182', 'A:185', 'A:271', 'A:273', 'A:274', 'A:296', 'A:300', 'A:301', 'A:304', 'A:307', 'A:410', 'A:411']
6AUW	A	['A:181', 'A:182', 'A:185', 'A:271', 'A:273', 'A:274', 'A:296', 'A:300', 'A:301', 'A:304', 'A:307', 'A:410', 'A:411']
6AUZ	A	['A:181', 'A:182', 'A:185', 'A:271', 'A:273', 'A:274', 'A:296', 'A:300', 'A:301', 'A:304', 'A:307', 'A:410', 'A:411']
6AV1	A	['A:181', 'A:182', 'A:185', 'A:271', 'A:273', 'A:274', 'A:296', 'A:300', 'A:301', 'A:304', 'A:307', 'A:410', 'A:411']
6AV4	A	['A:181', 'A:182', 'A:185', 'A:271', 'A:273', 'A:274', 'A:296', 'A:300', 'A:301', 'A:304', 'A:307', 'A:410', 'A:411']
6AV7	A	['A:206', 'A:207', 'A:210', 'A:296', 'A:298', 'A:299', 'A:321', 'A:325', 'A:326', 'A:329', 'A:332', 'A:435', 'A:436']
6CIC	A	['A:181', 'A:182', 'A:185', 'A:271', 'A:273', 'A:274', 'A:296', 'A:300', 'A:301', 'A:304', 'A:307', 'A:410', 'A:411']
6CIE	A	['A:206', 'A:207', 'A:210', 'A:296', 'A:298', 'A:299', 'A:321', 'A:325', 'A:326', 'A:329', 'A:332', 'A:435', 'A:436']
6NG1	A	['A:181', 'A:182', 'A:185', 'A:271', 'A:273', 'A:274', 'A:296', 'A:300', 'A:301', 'A:304', 'A:307', 'A:410', 'A:411']
6NG2	A	['A:181', 'A:182', 'A:185', 'A:271', 'A:273', 'A:274', 'A:296', 'A:300', 'A:301', 'A:304', 'A:307', 'A:410', 'A:411']
6NG4	A	['A:181', 'A:182', 'A:185', 'A:271', 'A:273', 'A:274', 'A:296', 'A:300', 'A:301', 'A:304', 'A:307', 'A:410', 'A:411']
6NG5	A	['A:181', 'A:182', 'A:185', 'A:271', 'A:273', 'A:274', 'A:296', 'A:300', 'A:301', 'A:304', 'A:307', 'A:410', 'A:411']
6NG7	A	['A:181', 'A:182', 'A:185', 'A:271', 'A:273', 'A:274', 'A:296', 'A:300', 'A:301', 'A:304', 'A:307', 'A:410', 'A:411']
6NG8	A	['A:181', 'A:182', 'A:185', 'A:271', 'A:273', 'A:274', 'A:296', 'A:300', 'A:301', 'A:304', 'A:307', 'A:410', 'A:411']
6NGA	A	['A:181', 'A:182', 'A:185', 'A:271', 'A:273', 'A:274', 'A:296', 'A:300', 'A:301', 'A:304', 'A:307', 'A:410', 'A:411']
6NGB	A	['A:181', 'A:182', 'A:185', 'A:271', 'A:273', 'A:274', 'A:296', 'A:300', 'A:301', 'A:304', 'A:307', 'A:410', 'A:411']
6NGC	A	['A:181', 'A:182', 'A:185', 'A:271', 'A:273', 'A:274', 'A:296', 'A:300', 'A:301', 'A:304', 'A:307', 'A:410', 'A:411']
6NGD	A	['A:181', 'A:182', 'A:185', 'A:271', 'A:273', 'A:274', 'A:296', 'A:300', 'A:301', 'A:304', 'A:307', 'A:410', 'A:411']
6NGE	A	['A:181', 'A:182', 'A:185', 'A:271', 'A:273', 'A:274', 'A:296', 'A:300', 'A:301', 'A:304', 'A:307', 'A:410', 'A:411']
6NGF	A	['A:181', 'A:182', 'A:185', 'A:271', 'A:273', 'A:274', 'A:296', 'A:300', 'A:301', 'A:304', 'A:307', 'A:410', 'A:411']
6NGH	A	['A:181', 'A:182', 'A:185', 'A:271', 'A:273', 'A:274', 'A:296', 'A:300', 'A:301', 'A:304', 'A:307', 'A:410', 'A:411']
6NGI	A	['A:181', 'A:182', 'A:185', 'A:271', 'A:273', 'A:274', 'A:296', 'A:300', 'A:301', 'A:304', 'A:307', 'A:410', 'A:411']
6NGJ	A	['A:181', 'A:182', 'A:185', 'A:271', 'A:273', 'A:274', 'A:296', 'A:300', 'A:301', 'A:304', 'A:307', 'A:410', 'A:411']
6NGK	A	['A:181', 'A:182', 'A:185', 'A:271', 'A:273', 'A:274', 'A:296', 'A:300', 'A:301', 'A:304', 'A:307', 'A:410', 'A:411']
6NGL	A	['A:181', 'A:182', 'A:185', 'A:271', 'A:273', 'A:274', 'A:296', 'A:300', 'A:301', 'A:304', 'A:307', 'A:410', 'A:411']
6NGM	A	['A:181', 'A:182', 'A:185', 'A:271', 'A:273', 'A:274', 'A:296', 'A:300', 'A:301', 'A:304', 'A:307', 'A:410', 'A:411']
6NGN	A	['A:181', 'A:182', 'A:185', 'A:271', 'A:273', 'A:274', 'A:296', 'A:300', 'A:301', 'A:304', 'A:307', 'A:410', 'A:411']
6NGP	A	['A:181', 'A:182', 'A:185', 'A:271', 'A:273', 'A:274', 'A:296', 'A:300', 'A:301', 'A:304', 'A:307', 'A:410', 'A:411']
6NGQ	A	['A:181', 'A:182', 'A:185', 'A:271', 'A:273', 'A:274', 'A:296', 'A:300', 'A:301', 'A:304', 'A:307', 'A:410', 'A:411']
6NGS	A	['A:181', 'A:182', 'A:185', 'A:271', 'A:273', 'A:274', 'A:296', 'A:300', 'A:301', 'A:304', 'A:307', 'A:410', 'A:411']
6NGT	A	['A:181', 'A:182', 'A:185', 'A:271', 'A:273', 'A:274', 'A:296', 'A:300', 'A:301', 'A:304', 'A:307', 'A:410', 'A:411']
6NGU	A	['A:181', 'A:182', 'A:185', 'A:271', 'A:273', 'A:274', 'A:296', 'A:300', 'A:301', 'A:304', 'A:307', 'A:410', 'A:411']
6NGV	A	['A:181', 'A:182', 'A:185', 'A:271', 'A:273', 'A:274', 'A:296', 'A:300', 'A:301', 'A:304', 'A:307', 'A:410', 'A:411']
6NGW	A	['A:181', 'A:182', 'A:185', 'A:271', 'A:273', 'A:274', 'A:296', 'A:300', 'A:301', 'A:304', 'A:307', 'A:410', 'A:411']
6NGX	A	['A:181', 'A:182', 'A:185', 'A:271', 'A:273', 'A:274', 'A:296', 'A:300', 'A:301', 'A:304', 'A:307', 'A:410', 'A:411']
6NGY	A	['A:181', 'A:182', 'A:185', 'A:271', 'A:273', 'A:274', 'A:296', 'A:300', 'A:301', 'A:304', 'A:307', 'A:410', 'A:411']
6NH0	A	['A:181', 'A:182', 'A:185', 'A:271', 'A:273', 'A:274', 'A:296', 'A:300', 'A:301', 'A:304', 'A:307', 'A:410', 'A:411']
6NH1	A	['A:206', 'A:207', 'A:210', 'A:296', 'A:298', 'A:299', 'A:321', 'A:325', 'A:326', 'A:329', 'A:332', 'A:435', 'A:436']
6NH2	A	['A:206', 'A:207', 'A:210', 'A:296', 'A:298', 'A:299', 'A:321', 'A:325', 'A:326', 'A:329', 'A:332', 'A:435', 'A:436']
6NH3	A	['A:206', 'A:207', 'A:210', 'A:296', 'A:298', 'A:299', 'A:321', 'A:325', 'A:326', 'A:329', 'A:332', 'A:435', 'A:436']
6NH4	A	['A:206', 'A:207', 'A:210', 'A:296', 'A:298', 'A:299', 'A:321', 'A:325', 'A:326', 'A:329', 'A:332', 'A:435', 'A:436']
6NH5	A	['A:206', 'A:207', 'A:210', 'A:296', 'A:298', 'A:299', 'A:321', 'A:325', 'A:326', 'A:329', 'A:332', 'A:435', 'A:436']
6NH6	A	['A:206', 'A:207', 'A:210', 'A:296', 'A:298', 'A:299', 'A:321', 'A:325', 'A:326', 'A:329', 'A:332', 'A:435', 'A:436']
6NH7	A	['A:206', 'A:207', 'A:210', 'A:296', 'A:298', 'A:299', 'A:321', 'A:325', 'A:326', 'A:329', 'A:332', 'A:435', 'A:436']
6NH8	A	['A:206', 'A:207', 'A:210', 'A:296', 'A:298', 'A:299', 'A:321', 'A:325', 'A:326', 'A:329', 'A:332', 'A:435', 'A:436']
6NHB	A	['A:181', 'A:182', 'A:185', 'A:271', 'A:273', 'A:274', 'A:296', 'A:300', 'A:301', 'A:304', 'A:307', 'A:410', 'A:411']
6NHC	A	['A:181', 'A:182', 'A:185', 'A:271', 'A:273', 'A:274', 'A:296', 'A:300', 'A:301', 'A:304', 'A:307', 'A:410', 'A:411']
6NHD	A	['A:181', 'A:182', 'A:185', 'A:271', 'A:273', 'A:274', 'A:296', 'A:300', 'A:301', 'A:304', 'A:307', 'A:410', 'A:411']
6NHE	A	['A:181', 'A:182', 'A:185', 'A:271', 'A:273', 'A:274', 'A:296', 'A:300', 'A:301', 'A:304', 'A:307', 'A:410', 'A:411']
6NHF	A	['A:206', 'A:207', 'A:210', 'A:296', 'A:298', 'A:299', 'A:321', 'A:325', 'A:326', 'A:329', 'A:332', 'A:435', 'A:436']
6NSE	A	['A:210', 'A:211', 'A:214', 'A:300', 'A:302', 'A:303', 'A:325', 'A:329', 'A:330', 'A:333', 'A:336', 'A:439', 'A:440']
6PMV	A	['A:181', 'A:182', 'A:185', 'A:271', 'A:273', 'A:274', 'A:296', 'A:300', 'A:301', 'A:304', 'A:307', 'A:410', 'A:411']
6PMW	A	['A:181', 'A:182', 'A:185', 'A:271', 'A:273', 'A:274', 'A:296', 'A:300', 'A:301', 'A:304', 'A:307', 'A:410', 'A:411']
6PMX	A	['A:181', 'A:182', 'A:185', 'A:271', 'A:273', 'A:274', 'A:296', 'A:300', 'A:301', 'A:304', 'A:307', 'A:410', 'A:411']
6PMY	A	['A:181', 'A:182', 'A:185', 'A:271', 'A:273', 'A:274', 'A:296', 'A:300', 'A:301', 'A:304', 'A:307', 'A:410', 'A:411']
6PN0	A	['A:181', 'A:182', 'A:185', 'A:271', 'A:273', 'A:274', 'A:296', 'A:300', 'A:301', 'A:304', 'A:307', 'A:410', 'A:411']
6PN1	A	['A:181', 'A:182', 'A:185', 'A:271', 'A:273', 'A:274', 'A:296', 'A:300', 'A:301', 'A:304', 'A:307', 'A:410', 'A:411']
6PN2	A	['A:181', 'A:182', 'A:185', 'A:271', 'A:273', 'A:274', 'A:296', 'A:300', 'A:301', 'A:304', 'A:307', 'A:410', 'A:411']
6PN3	A	['A:181', 'A:182', 'A:185', 'A:271', 'A:273', 'A:274', 'A:296', 'A:300', 'A:301', 'A:304', 'A:307', 'A:410', 'A:411']
6PN4	A	['A:181', 'A:182', 'A:185', 'A:271', 'A:273', 'A:274', 'A:296', 'A:300', 'A:301', 'A:304', 'A:307', 'A:410', 'A:411']
6PN5	A	['A:181', 'A:182', 'A:185', 'A:271', 'A:273', 'A:274', 'A:296', 'A:300', 'A:301', 'A:304', 'A:307', 'A:410', 'A:411']
6PN6	A	['A:181', 'A:182', 'A:185', 'A:271', 'A:273', 'A:274', 'A:296', 'A:300', 'A:301', 'A:304', 'A:307', 'A:410', 'A:411']
6PN7	A	['A:181', 'A:182', 'A:185', 'A:271', 'A:273', 'A:274', 'A:296', 'A:300', 'A:301', 'A:304', 'A:307', 'A:410', 'A:411']
6PN8	A	['A:181', 'A:182', 'A:185', 'A:271', 'A:273', 'A:274', 'A:296', 'A:300', 'A:301', 'A:304', 'A:307', 'A:410', 'A:411']
6PN9	A	['A:181', 'A:182', 'A:185', 'A:271', 'A:273', 'A:274', 'A:296', 'A:300', 'A:301', 'A:304', 'A:307', 'A:410', 'A:411']
6PNA	A	['A:181', 'A:182', 'A:185', 'A:271', 'A:273', 'A:274', 'A:296', 'A:300', 'A:301', 'A:304', 'A:307', 'A:410', 'A:411']
6PNB	A	['A:181', 'A:182', 'A:185', 'A:271', 'A:273', 'A:274', 'A:296', 'A:300', 'A:301', 'A:304', 'A:307', 'A:410', 'A:411']
6PNC	A	['A:181', 'A:182', 'A:185', 'A:271', 'A:273', 'A:274', 'A:296', 'A:300', 'A:301', 'A:304', 'A:307', 'A:410', 'A:411']
6PND	A	['A:181', 'A:182', 'A:185', 'A:271', 'A:273', 'A:274', 'A:296', 'A:300', 'A:301', 'A:304', 'A:307', 'A:410', 'A:411']
6PNE	A	['A:181', 'A:182', 'A:185', 'A:271', 'A:273', 'A:274', 'A:296', 'A:300', 'A:301', 'A:304', 'A:307', 'A:410', 'A:411']
6PNG	A	['A:181', 'A:182', 'A:185', 'A:271', 'A:273', 'A:274', 'A:296', 'A:300', 'A:301', 'A:304', 'A:307', 'A:410', 'A:411']
6PNH	A	['A:181', 'A:182', 'A:185', 'A:271', 'A:273', 'A:274', 'A:296', 'A:300', 'A:301', 'A:304', 'A:307', 'A:410', 'A:411']
6PO5	A	['A:181', 'A:182', 'A:185', 'A:271', 'A:273', 'A:274', 'A:296', 'A:300', 'A:301', 'A:304', 'A:307', 'A:410', 'A:411']
6PO7	A	['A:181', 'A:182', 'A:185', 'A:271', 'A:273', 'A:274', 'A:296', 'A:300', 'A:301', 'A:304', 'A:307', 'A:410', 'A:411']
6POA	A	['A:181', 'A:182', 'A:185', 'A:271', 'A:273', 'A:274', 'A:296', 'A:300', 'A:301', 'A:304', 'A:307', 'A:410', 'A:411']
6POC	A	['A:181', 'A:182', 'A:185', 'A:271', 'A:273', 'A:274', 'A:296', 'A:300', 'A:301', 'A:304', 'A:307', 'A:410', 'A:411']
6POT	A	['A:181', 'A:182', 'A:185', 'A:271', 'A:273', 'A:274', 'A:296', 'A:300', 'A:301', 'A:304', 'A:307', 'A:410', 'A:411']
6POU	A	['A:206', 'A:207', 'A:210', 'A:296', 'A:298', 'A:299', 'A:321', 'A:325', 'A:326', 'A:329', 'A:332', 'A:435', 'A:436']
6POV	A	['A:206', 'A:207', 'A:210', 'A:296', 'A:298', 'A:299', 'A:321', 'A:325', 'A:326', 'A:329', 'A:332', 'A:435', 'A:436']
6POX	A	['A:206', 'A:207', 'A:210', 'A:296', 'A:298', 'A:299', 'A:321', 'A:325', 'A:326', 'A:329', 'A:332', 'A:435', 'A:436']
6POY	A	['A:206', 'A:207', 'A:210', 'A:296', 'A:298', 'A:299', 'A:321', 'A:325', 'A:326', 'A:329', 'A:332', 'A:435', 'A:436']
6POZ	A	['A:206', 'A:207', 'A:210', 'A:296', 'A:298', 'A:299', 'A:321', 'A:325', 'A:326', 'A:329', 'A:332', 'A:435', 'A:436']
6PP0	A	['A:206', 'A:207', 'A:210', 'A:296', 'A:298', 'A:299', 'A:321', 'A:325', 'A:326', 'A:329', 'A:332', 'A:435', 'A:436']
6PP1	A	['A:206', 'A:207', 'A:210', 'A:296', 'A:298', 'A:299', 'A:321', 'A:325', 'A:326', 'A:329', 'A:332', 'A:435', 'A:436']
6PP2	A	['A:206', 'A:207', 'A:210', 'A:296', 'A:298', 'A:299', 'A:321', 'A:325', 'A:326', 'A:329', 'A:332', 'A:435', 'A:436']
6PP3	A	['A:206', 'A:207', 'A:210', 'A:296', 'A:298', 'A:299', 'A:321', 'A:325', 'A:326', 'A:329', 'A:332', 'A:435', 'A:436']
6PP4	A	['A:206', 'A:207', 'A:210', 'A:296', 'A:298', 'A:299', 'A:321', 'A:325', 'A:326', 'A:329', 'A:332', 'A:435', 'A:436']
6XCX	A	['A:128', 'A:129', 'A:132', 'A:218', 'A:220', 'A:221', 'A:243', 'A:247', 'A:248', 'A:251', 'A:254', 'A:357', 'A:358']
6XK3	A	['A:128', 'A:129', 'A:132', 'A:218', 'A:220', 'A:221', 'A:243', 'A:247', 'A:248', 'A:251', 'A:254', 'A:357', 'A:358']
6XK4	A	['A:128', 'A:129', 'A:132', 'A:218', 'A:220', 'A:221', 'A:243', 'A:247', 'A:248', 'A:251', 'A:254', 'A:357', 'A:358']
6XK5	A	['A:128', 'A:129', 'A:132', 'A:218', 'A:220', 'A:221', 'A:243', 'A:247', 'A:248', 'A:251', 'A:254', 'A:357', 'A:358']
6XK6	A	['A:128', 'A:129', 'A:132', 'A:218', 'A:220', 'A:221', 'A:243', 'A:247', 'A:248', 'A:251', 'A:254', 'A:357', 'A:358']
6XK7	A	['A:128', 'A:129', 'A:132', 'A:218', 'A:220', 'A:221', 'A:243', 'A:247', 'A:248', 'A:251', 'A:254', 'A:357', 'A:358']
6XK8	A	['A:128', 'A:129', 'A:132', 'A:218', 'A:220', 'A:221', 'A:243', 'A:247', 'A:248', 'A:251', 'A:254', 'A:357', 'A:358']
6XMC	A	['A:128', 'A:129', 'A:132', 'A:218', 'A:220', 'A:221', 'A:243', 'A:247', 'A:248', 'A:251', 'A:254', 'A:357', 'A:358']
7M56	A	['A:206', 'A:207', 'A:210', 'A:296', 'A:298', 'A:299', 'A:321', 'A:325', 'A:326', 'A:329', 'A:332', 'A:435', 'A:436']
7NSE	A	['A:210', 'A:211', 'A:214', 'A:300', 'A:302', 'A:303', 'A:325', 'A:329', 'A:330', 'A:333', 'A:336', 'A:439', 'A:440']
7S3X	A	['A:181', 'A:182', 'A:185', 'A:271', 'A:273', 'A:274', 'A:296', 'A:300', 'A:301', 'A:304', 'A:307', 'A:410', 'A:411']
7S3Y	A	['A:181', 'A:182', 'A:185', 'A:271', 'A:273', 'A:274', 'A:296', 'A:300', 'A:301', 'A:304', 'A:307', 'A:410', 'A:411']
7S3Z	A	['A:181', 'A:182', 'A:185', 'A:271', 'A:273', 'A:274', 'A:296', 'A:300', 'A:301', 'A:304', 'A:307', 'A:410', 'A:411']
7S40	A	['A:181', 'A:182', 'A:185', 'A:271', 'A:273', 'A:274', 'A:296', 'A:300', 'A:301', 'A:304', 'A:307', 'A:410', 'A:411']
7TS1	A	['A:181', 'A:182', 'A:185', 'A:271', 'A:273', 'A:274', 'A:296', 'A:300', 'A:301', 'A:304', 'A:307', 'A:410', 'A:411']
7TS2	A	['A:181', 'A:182', 'A:185', 'A:271', 'A:273', 'A:274', 'A:296', 'A:300', 'A:301', 'A:304', 'A:307', 'A:410', 'A:411']
7TS3	A	['A:181', 'A:182', 'A:185', 'A:271', 'A:273', 'A:274', 'A:296', 'A:300', 'A:301', 'A:304', 'A:307', 'A:410', 'A:411']
7TS4	A	['A:181', 'A:182', 'A:185', 'A:271', 'A:273', 'A:274', 'A:296', 'A:300', 'A:301', 'A:304', 'A:307', 'A:410', 'A:411']
7TS5	A	['A:181', 'A:182', 'A:185', 'A:271', 'A:273', 'A:274', 'A:296', 'A:300', 'A:301', 'A:304', 'A:307', 'A:410', 'A:411']
7TS6	A	['A:181', 'A:182', 'A:185', 'A:271', 'A:273', 'A:274', 'A:296', 'A:300', 'A:301', 'A:304', 'A:307', 'A:410', 'A:411']
7TS7	A	['A:181', 'A:182', 'A:185', 'A:271', 'A:273', 'A:274', 'A:296', 'A:300', 'A:301', 'A:304', 'A:307', 'A:410', 'A:411']
7TS8	A	['A:181', 'A:182', 'A:185', 'A:271', 'A:273', 'A:274', 'A:296', 'A:300', 'A:301', 'A:304', 'A:307', 'A:410', 'A:411']
7TS9	A	['A:181', 'A:182', 'A:185', 'A:271', 'A:273', 'A:274', 'A:296', 'A:300', 'A:301', 'A:304', 'A:307', 'A:410', 'A:411']
7TSA	A	['A:181', 'A:182', 'A:185', 'A:271', 'A:273', 'A:274', 'A:296', 'A:300', 'A:301', 'A:304', 'A:307', 'A:410', 'A:411']
7TSB	A	['A:181', 'A:182', 'A:185', 'A:271', 'A:273', 'A:274', 'A:296', 'A:300', 'A:301', 'A:304', 'A:307', 'A:410', 'A:411']
7TSC	A	['A:181', 'A:182', 'A:185', 'A:271', 'A:273', 'A:274', 'A:296', 'A:300', 'A:301', 'A:304', 'A:307', 'A:410', 'A:411']
7TSD	A	['A:181', 'A:182', 'A:185', 'A:271', 'A:273', 'A:274', 'A:296', 'A:300', 'A:301', 'A:304', 'A:307', 'A:410', 'A:411']
7TSE	A	['A:181', 'A:182', 'A:185', 'A:271', 'A:273', 'A:274', 'A:296', 'A:300', 'A:301', 'A:304', 'A:307', 'A:410', 'A:411']
7TSF	A	['A:181', 'A:182', 'A:185', 'A:271', 'A:273', 'A:274', 'A:296', 'A:300', 'A:301', 'A:304', 'A:307', 'A:410', 'A:411']
7TSG	A	['A:206', 'A:207', 'A:210', 'A:296', 'A:298', 'A:299', 'A:321', 'A:325', 'A:326', 'A:329', 'A:332', 'A:435', 'A:436']
7TSH	A	['A:206', 'A:207', 'A:210', 'A:296', 'A:298', 'A:299', 'A:321', 'A:325', 'A:326', 'A:329', 'A:332', 'A:435', 'A:436']
7TSI	A	['A:206', 'A:207', 'A:210', 'A:296', 'A:298', 'A:299', 'A:321', 'A:325', 'A:326', 'A:329', 'A:332', 'A:435', 'A:436']
7TSK	A	['A:206', 'A:207', 'A:210', 'A:296', 'A:298', 'A:299', 'A:321', 'A:325', 'A:326', 'A:329', 'A:332', 'A:435', 'A:436']
7TSM	A	['A:206', 'A:207', 'A:210', 'A:296', 'A:298', 'A:299', 'A:321', 'A:325', 'A:326', 'A:329', 'A:332', 'A:435', 'A:436']
7TSN	A	['A:206', 'A:207', 'A:210', 'A:296', 'A:298', 'A:299', 'A:321', 'A:325', 'A:326', 'A:329', 'A:332', 'A:435', 'A:436']
7TSO	A	['A:206', 'A:207', 'A:210', 'A:296', 'A:298', 'A:299', 'A:321', 'A:325', 'A:326', 'A:329', 'A:332', 'A:435', 'A:436']
7TSP	A	['A:206', 'A:207', 'A:210', 'A:296', 'A:298', 'A:299', 'A:321', 'A:325', 'A:326', 'A:329', 'A:332', 'A:435', 'A:436']
7UAM	A	['A:181', 'A:182', 'A:185', 'A:271', 'A:273', 'A:274', 'A:296', 'A:300', 'A:301', 'A:304', 'A:307', 'A:410', 'A:411']
7UAN	A	['A:181', 'A:182', 'A:185', 'A:271', 'A:273', 'A:274', 'A:296', 'A:300', 'A:301', 'A:304', 'A:307', 'A:410', 'A:411']
7UAO	A	['A:206', 'A:207', 'A:210', 'A:296', 'A:298', 'A:299', 'A:321', 'A:325', 'A:326', 'A:329', 'A:332', 'A:435', 'A:436']
7US7	A	['A:181', 'A:182', 'A:185', 'A:271', 'A:273', 'A:274', 'A:296', 'A:300', 'A:301', 'A:304', 'A:307', 'A:410', 'A:411']
7US8	A	['A:181', 'A:182', 'A:185', 'A:271', 'A:273', 'A:274', 'A:296', 'A:300', 'A:301', 'A:304', 'A:307', 'A:410', 'A:411']
8FG9	A	['A:181', 'A:182', 'A:185', 'A:271', 'A:273', 'A:274', 'A:296', 'A:300', 'A:301', 'A:304', 'A:307', 'A:410', 'A:411']
8FGA	A	['A:181', 'A:182', 'A:185', 'A:271', 'A:273', 'A:274', 'A:296', 'A:300', 'A:301', 'A:304', 'A:307', 'A:410', 'A:411']
8FGB	A	['A:181', 'A:182', 'A:185', 'A:271', 'A:273', 'A:274', 'A:296', 'A:300', 'A:301', 'A:304', 'A:307', 'A:410', 'A:411']
8FGC	A	['A:181', 'A:182', 'A:185', 'A:271', 'A:273', 'A:274', 'A:296', 'A:300', 'A:301', 'A:304', 'A:307', 'A:410', 'A:411']
8FGD	A	['A:181', 'A:182', 'A:185', 'A:271', 'A:273', 'A:274', 'A:296', 'A:300', 'A:301', 'A:304', 'A:307', 'A:410', 'A:411']
8FGE	A	['A:181', 'A:182', 'A:185', 'A:271', 'A:273', 'A:274', 'A:296', 'A:300', 'A:301', 'A:304', 'A:307', 'A:410', 'A:411']
8FGF	A	['A:181', 'A:182', 'A:185', 'A:271', 'A:273', 'A:274', 'A:296', 'A:300', 'A:301', 'A:304', 'A:307', 'A:410', 'A:411']
8FGG	A	['A:181', 'A:182', 'A:185', 'A:271', 'A:273', 'A:274', 'A:296', 'A:300', 'A:301', 'A:304', 'A:307', 'A:410', 'A:411']
8FGH	A	['A:181', 'A:182', 'A:185', 'A:271', 'A:273', 'A:274', 'A:296', 'A:300', 'A:301', 'A:304', 'A:307', 'A:410', 'A:411']
8FGI	A	['A:181', 'A:182', 'A:185', 'A:271', 'A:273', 'A:274', 'A:296', 'A:300', 'A:301', 'A:304', 'A:307', 'A:410', 'A:411']
8FGJ	A	['A:181', 'A:182', 'A:185', 'A:271', 'A:273', 'A:274', 'A:296', 'A:300', 'A:301', 'A:304', 'A:307', 'A:410', 'A:411']
8FGK	A	['A:181', 'A:182', 'A:185', 'A:271', 'A:273', 'A:274', 'A:296', 'A:300', 'A:301', 'A:304', 'A:307', 'A:410', 'A:411']
8FGM	A	['A:181', 'A:182', 'A:185', 'A:271', 'A:273', 'A:274', 'A:296', 'A:300', 'A:301', 'A:304', 'A:307', 'A:410', 'A:411']
8FGN	A	['A:206', 'A:207', 'A:210', 'A:296', 'A:298', 'A:299', 'A:321', 'A:325', 'A:326', 'A:329', 'A:332', 'A:435', 'A:436']
8FGO	A	['A:206', 'A:207', 'A:210', 'A:296', 'A:298', 'A:299', 'A:321', 'A:325', 'A:326', 'A:329', 'A:332', 'A:435', 'A:436']
8FGP	A	['A:206', 'A:207', 'A:210', 'A:296', 'A:298', 'A:299', 'A:321', 'A:325', 'A:326', 'A:329', 'A:332', 'A:435', 'A:436']
8FGQ	A	['A:206', 'A:207', 'A:210', 'A:296', 'A:298', 'A:299', 'A:321', 'A:325', 'A:326', 'A:329', 'A:332', 'A:435', 'A:436']
8FGR	A	['A:206', 'A:207', 'A:210', 'A:296', 'A:298', 'A:299', 'A:321', 'A:325', 'A:326', 'A:329', 'A:332', 'A:435', 'A:436']
8FGS	A	['A:206', 'A:207', 'A:210', 'A:296', 'A:298', 'A:299', 'A:321', 'A:325', 'A:326', 'A:329', 'A:332', 'A:435', 'A:436']
8FGT	A	['A:206', 'A:207', 'A:210', 'A:296', 'A:298', 'A:299', 'A:321', 'A:325', 'A:326', 'A:329', 'A:332', 'A:435', 'A:436']
8FGV	A	['A:181', 'A:182', 'A:185', 'A:271', 'A:273', 'A:274', 'A:296', 'A:300', 'A:301', 'A:304', 'A:307', 'A:410', 'A:411']
8NSE	A	['A:210', 'A:211', 'A:214', 'A:300', 'A:302', 'A:303', 'A:325', 'A:329', 'A:330', 'A:333', 'A:336', 'A:439', 'A:440']
9NSE	A	['A:210', 'A:211', 'A:214', 'A:300', 'A:302', 'A:303', 'A:325', 'A:329', 'A:330', 'A:333', 'A:336', 'A:439', 'A:440']
